cookie_id,score
ck_315fb710a0e371e7,0.015615428573016859
ck_a76ee3b3e3e522fd,0.5615272059654763
ck_94c9a4d382689e82,0.10528216944890927
ck_8eaf9509ad9462a0,0.045047265330329836
ck_9a88a5a989cb5bc6,0.049006482116455245
ck_15239ef0689c1a35,0.1325548368490343
ck_8de69cd219d3b87f,0.7290646099426121
ck_f92cd37022b0ce21,0.14326533920798248
ck_1a3ff7620580a514,0.13837250545187813
ck_397c03aa33a57310,0.7465391437969908
ck_a7cf6c3b322f6b7a,0.03252196030442567
ck_c39a9e75760e3201,0.010306054862798715
ck_88ab6d245228c38e,0.010018980179021303
ck_17733f75ebdea93e,0.016942634282903112
ck_58eb871e8d7bed52,0.7357126536808636
ck_e55b7fa67db1ec27,0.013285909137913266
ck_62f5cfe22c952694,0.04345468613300635
ck_7fbb709a0fe95759,0.04107705342501142
ck_87abe9cd066a20fb,0.4686141707187695
ck_d58e058b5c553dd5,0.12240202345765247
ck_d27b872648b71202,0.1284058071736714
ck_4b4a3c5b95c55b43,0.016067607803505787
ck_66dd4f4b4127256d,0.02067119546834241
ck_93cc12703b500613,0.3984766529976019
ck_d28806a2179092eb,0.9868475629243793
ck_0595c2a0c7881e05,0.227710774813163
ck_50087d8666191144,0.8419409092970226
ck_b08b3f089138c901,0.11888764637746244
ck_fe3b67041dad2dd1,0.020825608069341993
ck_8449a28f7d475d93,0.3700305718118893
ck_8642e3b6d84f49d3,0.20762616892022265
ck_e49b5e4f2f2e79db,0.944145269142183
ck_437afe412ea4259c,0.6055511893698557
ck_569b83668d74042d,0.9148271150108708
ck_233a487d31c3e631,0.9917190453649612
ck_1fca72e03143a645,0.9842392764693237
ck_79205e31223df2ad,0.14410639016788093
ck_9625a64406ea16e3,0.0035316881600810437
ck_079bd18dacb704a8,0.44809086878411314
ck_4db6d4fd2b49aa81,0.2606196048492967
ck_0dbefdac0a1868fb,0.05931453840093757
ck_24ff97ad90bdd69a,0.37382233317037117
ck_77f8c5042065d506,0.12270395709376535
ck_f11be8ce05382cec,0.022797336260898825
ck_c9d72140b0389216,0.4716392154544765
ck_69eda24e931fb36a,0.02215087119702657
ck_ed471e496916ee15,0.017399526346364616
ck_ff090498c4b17ac3,0.14919073406648697
ck_c3c19d6a0720915c,0.016925583919160544
ck_af02e1817cfa40b5,0.056557922358542824
ck_2df5a9fc87553eb1,0.25438150239701346
ck_4ac918e884cff336,0.4070602107718502
ck_ca149244b54ef3ad,0.019962053785861137
ck_6babe5b8674ff51f,0.08799018157966886
ck_1573878386886290,0.23712054968499693
ck_3925f8565abb7fe4,0.03736571811730646
ck_c4de808ae69c771f,0.0035522295030723013
ck_a777c813551281fe,0.01782635001314209
ck_df4424f6dd85080d,0.4661491535879204
ck_85e5494ec20383ae,0.16199840290188952
ck_f71a4094e889c3af,0.017670443961435488
ck_f2f3cf9cd23b2809,0.3138293369347448
ck_18e2076397bcc211,0.34068492633120173
ck_c9f9fddef39bc664,0.1862097368505199
ck_7e826e233d6ea028,0.033417218473146146
ck_62fd7eb46bee9210,0.2148849904546372
ck_206f8e3cd72768f3,0.3099501589911173
ck_aa295a11b0a6ab36,0.2520119142526724
ck_9a56739d81f84a53,0.00875849536837577
ck_aa075c418ed9fe5a,0.07435871389008848
ck_62b9fb3db284941b,0.09131960381783026
ck_f4f83b1403ebea46,0.3549769452922825
ck_16b66bd803288bc3,0.7871624393372069
ck_c4ca1434f3778f1d,0.9875818194484888
ck_1b823610371a29c0,0.08707806404279231
ck_c2bd5a722aa637d9,0.04691349885245879
ck_7890208951df34f0,0.2778697182558764
ck_020eb0e454524ecd,0.013644663923142765
ck_3b66196ccf436c35,0.18811649687299717
ck_109fc467ec0a4af5,0.6474095063789492
ck_f3dcd818db92de7b,0.11394407761390506
ck_31e7742f160980ef,0.213841862456605
ck_77fce5f86f00b8f4,0.9015119501987946
ck_46bc797b4d07d607,0.05152201983812937
ck_37899b1b571b1c6b,0.045772852236539575
ck_ef8a6af43fedd464,0.027923679636254427
ck_bcc8519fe8521038,0.6618400900738314
ck_90696b7182dd9129,0.062305133987498755
ck_4a24ad61d017e1ba,0.29388424463813406
ck_0acc3d8c67218b9d,0.11790934259889786
ck_05c97fc9de11aba6,0.5960846817667178
ck_f8ac3a0500c0ec62,0.35175759451777927
ck_617b65141f546a1c,0.027611665235174603
ck_9d00823bf60388d7,0.40157515665798477
ck_123c15d93f1840f2,0.642347439320859
ck_573feefba6bf78bb,0.4151484584752673
ck_b25657bd16739036,0.07383212733468739
ck_bd26d2bef14a8597,0.11655596487133611
ck_a553418f2fba1440,0.17221789797845752
ck_89f3e380b0686963,0.05018452475745314
ck_b359192aa659bdce,0.2965364175162656
ck_02241f3dc301bebf,0.2157988508852658
ck_5ccc1a1c78cb33ee,0.20930500621777526
ck_349cc5edda1b8853,0.5970498057893893
ck_e9f228845bf6e28b,0.16774926696024794
ck_0a45d033d4e280ea,0.2615780683229058
ck_7e63168dda612235,0.039171659102824066
ck_676fa5f6aae5475b,0.0411109043527889
ck_74b502b20690ccfe,0.03647147401074148
ck_073509af21dd7f5f,0.5259810330592746
ck_498a0acd450944d8,0.019341851673152576
ck_7f15b50b29dead01,0.2350605224579138
ck_8089fe7403c5f537,0.19391537257559377
ck_05b2b04e11d9ae9c,0.14067933076060254
ck_31e70f2f04b48b88,0.018555357980522283
ck_994316fa5a02b319,0.11009629333438721
ck_b76510998b9a2260,0.13373660910521312
ck_4db95c310e105d30,0.10579436959881133
ck_6f730b77dc6cdb84,0.05981292865590345
ck_2493ee8e7b91d304,0.14269257794693038
ck_92d679d6ac7dcdcb,0.6778650268097611
ck_3a0e0200cbb185cb,0.07179220721430751
ck_0b2eeb4e00ff7955,0.3905939010118531
ck_9843d0e61c37ebe8,0.9887552645365555
ck_e61c8721e3ef1921,0.06123341442064014
ck_2e0eedaaf2980c2c,0.04106578075516007
ck_9036b2e5e9298a34,0.04921069379884184
ck_3265442528d51728,0.09540256193165393
ck_f2ddae2eb1cb29b4,0.041445903938339704
ck_6cfa71d27fc27f92,0.18682313083937613
ck_f3199fbe84a28b9a,0.5227983343031024
ck_b78d785ca3ef773a,0.1428652357941403
ck_374865697f1480eb,0.18517399951756083
ck_06d0e4a9189302a9,0.44767496184774896
ck_9c9884b9bcaa552e,0.5981398273803374
ck_fd4cf578e87703ff,0.26344099923421815
ck_1917ef3e6e345549,0.43845215130442233
ck_e70418b00cbbbac9,0.3332187019238746
ck_a60388296a47062c,0.3060197405015322
ck_d598fe8d2c779ab9,0.0621998570484941
ck_646dc03de4c31803,0.9853309133767683
ck_e4fd8cbd842b6993,0.005772362504142635
ck_2225b555aa2a42ed,0.6488056245734005
ck_6be8ae9d78148882,0.04357415290530148
ck_4199342d3aca74e8,0.19052283410357815
ck_779581adb573261f,0.07078816053205111
ck_bb303568b6915205,0.6470269662933512
ck_17c4296276448afe,0.013135717563878007
ck_a60a61ac829252a0,0.07167909893073197
ck_6ea70950c1cae00b,0.9221122055567526
ck_1abb93f6924645e1,0.17734361696235135
ck_faab769cce19879a,0.5322960655415753
ck_d5b8e74e7ca6355a,0.45880931573089845
ck_f11f7691af16ad07,0.022193361405403126
ck_188fdf2be7c92e9d,0.9858660976133763
ck_4a103f8254b366f7,0.05354033277425971
ck_bfa17a0b1760e616,0.007974410544829393
ck_a4d7f6a5869d440a,0.9858688680625315
ck_58e20f5a3e7f11b8,0.8703374922582365
ck_4becdd3d2696c7ba,0.0777625779933985
ck_dad5cf32ab9f243f,0.02875468195666212
ck_7d9f73dc7c4f90c3,0.5100907741085438
ck_c19371047a2d011d,0.03931413113895857
ck_247589ff532f7aa8,0.19876715610120937
ck_7a9f241d5f082567,0.036466520056536576
ck_0a2b7078736b4dda,0.09154324993617388
ck_687b412e2aac7eb6,0.2856044162807734
ck_fce0b6855886a0b8,0.05392032003781989
ck_e291cc60920456d0,0.3885315409519824
ck_04219a7ea798db51,0.7366730367895321
ck_286bfd719836e9f3,0.5601058492101411
ck_55efc92394fee232,0.1482972859070361
ck_e36c8da1bd359960,0.4667961248748962
ck_34b0988a97d96902,0.1348063947076744
ck_e0fb11fc9dcb34e6,0.08606382952613795
ck_bcc9cbc9ed8b7c31,0.11800538166925126
ck_3df8da6f60a89a5b,0.3663999518794209
ck_b1495ee5c59a6b28,0.2842185253309232
ck_58f4c3ac61fda129,0.37201295429947695
ck_735f244b99e3aa8d,0.05759932666566261
ck_6b93bd8abf87b1d6,0.9124497348318402
ck_12107dacc6d05bd1,0.015751962806386872
ck_f96db2a1f3448d1f,0.14036925548131482
ck_8fd91a3c99e19097,0.284060638048206
ck_910205d25388a0ae,0.017529452117274413
ck_d229dfa0e4442628,0.008285902852892272
ck_7cdec61e1c488798,0.4383019819416415
ck_f66f06e24ff32671,0.10848630231815383
ck_350bf14e90b503f5,0.09515126605820753
ck_61fff5fdaadd394b,0.1586087082901912
ck_e934f984bad2ff91,0.845800944386813
ck_ff6a6d3547dd2d37,0.23281225389174107
ck_65ad9b15979e3247,0.058479235989391046
ck_bbe1a2ea5a403ad8,0.9540231262439084
ck_6f3a28eecd2c4031,0.09836124127613863
ck_a89b66665714058f,0.06907797243904444
ck_918c92182b6817cd,0.1278952101938907
ck_64f5eb4be9e7b8fa,0.5123307981526618
ck_d021fd497ea35fb2,0.11070406448686743
ck_004de16f7d8a42ae,0.1424362808165944
ck_a33d2325f86ab12d,0.07392548443413784
ck_89790ff26c844bc6,0.10242855627203708
ck_e6e7257377c37b28,0.32256366492829563
ck_a2cc3910a641a808,0.6559084457504578
ck_646e270e0195bf05,0.11987802335508556
ck_baba5d66def0d770,0.277987121997969
ck_67cdcdda3033842d,0.09697343269462762
ck_b5c3075c811a2216,0.11761637093238941
ck_515379973a8044b8,0.045058501629390436
ck_c0ce85fb4109567d,0.20134667670059558
ck_fef850553862aaca,0.011523092893396002
ck_55d7217b0aff9fa2,0.054767067189196925
ck_8e139f8925ef7968,0.09678237626011604
ck_9e35b908fca1e4d7,0.010382031657116191
ck_59735f4ab2ad3da5,0.17065980906519027
ck_dc569c1167ccec0d,0.8079483393187353
ck_1dade5592f90a15c,0.2040492827817237
ck_793048d11fb8b328,0.5861797775682379
ck_545b71eb4fa594b5,0.03093998612542908
ck_bd30853e9a57b544,0.208304468083141
ck_59f46321ecf6d306,0.08379525401171214
ck_260cfe9141d249f1,0.37638019692640706
ck_3365a0ad1a8aa83c,0.061093193083185456
ck_b0ef193195a2138b,0.08827760427032559
ck_0f909705e2e60f2f,0.006670729509447704
ck_5a540b75c866166a,0.3347886826511607
ck_87c26b2f41025109,0.9858628253652464
ck_27acc9f320cda104,0.6372381974269647
ck_a27bc31eecd9cb9a,0.4730540182229151
ck_115d86fabde77b65,0.009089066735249576
ck_eeca179341d56f8a,0.8473979445084987
ck_8e5999c436cf037e,0.029936727844578275
ck_510e7c5df1f95d90,0.9826011208719582
ck_f1acf73363925958,0.5185005227219666
ck_3c177f5970b68bd3,0.16713786676238546
ck_9cdfaa1c30cc9d32,0.01070129440733514
ck_c8efa1538b37c359,0.023583469994801744
ck_a8a2e296f9804bd7,0.11082859722983984
ck_91a0ca45f429568d,0.1077065483347658
ck_5fdf8a0bdbd3ed62,0.09275263274289187
ck_0f4e2ec66d50da5f,0.015153312344315923
ck_28c53b214b2ee882,0.7681909018805365
ck_003148504557f720,0.5589241714829907
ck_01d840cffb870615,0.7723761148095973
ck_555848d51f4b5f35,0.1610806704239098
ck_df20cc23b8fb8e22,0.2040072111704472
ck_f9604adde929beff,0.04885810745201918
ck_d66952b03591bdec,0.03625996178286496
ck_ddcac1ab765ff61a,0.10197146132368815
ck_347386629d96c664,0.2181647512875812
ck_ab01db9117acfe3d,0.15092063621913904
ck_58e5359efc52e0ad,0.012884279576393496
ck_1a524b5cc8da71b3,0.09618479051925699
ck_e9287b6d909d731f,0.07022715009971828
ck_bb41a66e3d90263b,0.7733248839838514
ck_e95c8cc1864bd584,0.06491881678237639
ck_7a3f2961e9a8b6dc,0.10913746458998944
ck_378a9df82b1e0bee,0.839985061400132
ck_42633573639a3f02,0.9579073677039353
ck_2a5a4c18c2c7274b,0.18551098970106503
ck_77549c1a41f837c3,0.127582121997075
ck_a26704b5b26258b7,0.21700334741264235
ck_9874ad160efddf50,0.043526685322883195
ck_9111e3a04b14dfba,0.6402258040577226
ck_651e076ee43aea85,0.05476570833356937
ck_391639c0f13932f3,0.048501626550791356
ck_02dbabda93c8c13d,0.3466265796364776
ck_0adcb1fffcb0a34b,0.4292701442519852
ck_7a43ef9c7b1c67b5,0.2569271960214554
ck_4b9dd69946438d0b,0.4350355936850059
ck_90bf017cdd37b66e,0.1698278562691148
ck_61c74163eb36556e,0.1579830412281878
ck_13376c59b5bd6943,0.010197198980047395
ck_62337eccb1672737,0.03754844141588991
ck_16077934338472bf,0.025941231996963347
ck_0d4dfd93086e7330,0.04952742422226796
ck_3865b7525b910893,0.25781306190390385
ck_7e2ae8b69ebd5675,0.06805910657689532
ck_b4384b6c11766ce7,0.041441357464514245
ck_3d7fa32dfb9fc692,0.75064494812489
ck_f4a6a7cadd6e0603,0.5494927465792724
ck_212525e2828a6c45,0.10646575881786417
ck_33ad8d53394ba77a,0.7418142882436826
ck_a5051eafe8b51224,0.04240116230017695
ck_f65e5ff7da565f91,0.014728810171227302
ck_5c37f7563fa7591d,0.13710795897769562
ck_f1e0a006068aff29,0.13130405871036913
ck_c646cdead6fb79d0,0.18489305110261378
ck_f8b3cdffef535330,0.562505543152749
ck_e5cdbe3aa12c97f6,0.10099998392419703
ck_986e4e61440506d0,0.37017871158704985
ck_6da9c5912e15d9a8,0.007830165782267886
ck_51d842e6dae74c71,0.21879984976152456
ck_5fc65c24e0736d5d,0.9247695259563802
ck_babb95a76c69509d,0.20169728337821588
ck_86a2d852a9715432,0.5710590625984789
ck_db4083a0d043def8,0.8485057474011045
ck_96953b8945b7d403,0.10093295541014176
ck_7831ca5c31fb3859,0.4732180225713112
ck_60ac5e5f375daa38,0.028820735635313847
ck_05d44eb1f5f085ce,0.17696011573506135
ck_432cc19c7eeaa46e,0.42452049060164687
ck_7fc513033af061af,0.22450265161369817
ck_ada6ede84c111719,0.09100889153485657
ck_6343e0d3b1c2962b,0.25845833825767317
ck_010264ae04f2e902,0.0988682156852798
ck_e9dcf535f8c289eb,0.7489103670210574
ck_37143d9cc296e6fa,0.07767344837327576
ck_61fa051192f3e810,0.6516427767449675
ck_f9f93d1d41be1468,0.9217913884712386
ck_c4f4f28457be8a74,0.011390587650269401
ck_323a71f9452d21cb,0.9351415747794644
ck_170f4688e0acd875,0.5931834721897612
ck_869b1878d09d230d,0.43189927810102713
ck_2f6b33bf46976229,0.10307108675309062
ck_b11e22e75d9b99de,0.01728311086038123
ck_123d75ffb75b606d,0.03252909162306576
ck_94295287a04c85d2,0.7870358741755039
ck_1b0434f096795328,0.009685857920509511
ck_0a4e191cd0a57ce1,0.014869980938527462
ck_d2fbd0df99634676,0.6403015509535954
ck_d51df5e9fbbbcc94,0.10757570471251798
ck_2d3d7d64a6f443f8,0.20759267746839943
ck_731943c682c9394e,0.055780614728235936
ck_5ccc0c94e5e1f849,0.17085280773412628
ck_c3476080516db25d,0.13282996991153603
ck_5010ffb1c94187b5,0.023977607130278276
ck_7ef666d67bc70223,0.19176275152450808
ck_c1b493527224a27a,0.006831614082786889
ck_5d1e25d7acc5af9a,0.06111952868468918
ck_ec30b61cbf517db8,0.034944504124759246
ck_79323eb5d2e5efae,0.17503510654003637
ck_4085cd3bf2661518,0.1411524931405236
ck_2ca91214c357c072,0.4766264461311329
ck_7f3132d6be389657,0.48092920208683915
ck_e7a6b925c8f39a85,0.30246279332842485
ck_c886adec7bac250a,0.12236871052280834
ck_c3f360c2d0ea0a37,0.3409790048936992
ck_a7acd5b015823793,0.1512297754811151
ck_9d64187c0800f84e,0.1147659853201952
ck_5d4ed73b9efd7d11,0.06131960391784565
ck_874eca6776b34dec,0.022965735404339604
ck_96a9221a87be93c3,0.24033219384153948
ck_68dd79a51eabf5e6,0.34476722325488246
ck_8311cb6755b2016c,0.024634686226492813
ck_16fc77b2bcf5ec03,0.9410702105921549
ck_ad9e2088a33c8c72,0.005426153351573512
ck_7176bbc97b1e42a1,0.06604560146871541
ck_80dfa54b30f65fff,0.9526650169432945
ck_31c54d540b128843,0.02815044073409993
ck_43ea894480567274,0.24057787458423446
ck_9c9e8a38bd5a6c88,0.2757836065204349
ck_1c2dcae19539e148,0.2520927649630717
ck_b0fa8b84e94d8ae0,0.23707594778865648
ck_4ceb43ccd0a81c2f,0.17158674498834894
ck_ba845332b730b596,0.008065741645365438
ck_73d3e8c6077f61e6,0.4762911283158731
ck_b5d0d223ef56473f,0.1508509384012878
ck_949f08f8e80e93ea,0.02030647798907023
ck_73de0b49709e5f8c,0.0602627000069688
ck_b5935e9722a39819,0.15105901059538768
ck_96247fee0eb44420,0.009312714990151523
ck_a6def1e4b2d57e0d,0.37463414871839795
ck_aecdc5a96321a2d8,0.169509358778795
ck_bc61c59970f8de49,0.29925443080266245
ck_c43b4175fc9ac5bd,0.9432762026289021
ck_8ff7a9b23a55fd62,0.20879608427961555
ck_20c99b645f462449,0.07197653382621243
ck_a5ce2ae36fb410d9,0.009653195453983604
ck_96fb9bf556842bbc,0.029815829254428345
ck_b5e4c6dbbed1b773,0.2089220819346586
ck_2085433978e72ea9,0.6140916186440606
ck_2c6b174b063ec637,0.0368374505773376
ck_b20b81b88dabe28d,0.03359366433432139
ck_243c18dbf150831c,0.006241731002923211
ck_2bb6a17e8eee35cc,0.15572551032582213
ck_66147fb994495396,0.3194832712022358
ck_73f124f075ede0fc,0.21424653544754887
ck_2e315f1b1e533dab,0.008132977333474227
ck_16c7bf94ed3e7a6f,0.01414190649707951
ck_4a0eae220a762ac5,0.09696774487514612
ck_dc16f939c2f44ad8,0.47286777497981447
ck_817926b449754917,0.13912247677431824
ck_0c0dde42ab64ef87,0.13126573745737452
ck_cb3a40594da6a2ee,0.23325337849386937
ck_d0dc156441fcfdcb,0.2517968115255885
ck_66f0945add423e9e,0.06315526179903938
ck_a74f6a3030f5d495,0.3366692834087779
ck_1ae460f331e49ae2,0.3285133954351626
ck_2d177b2f4f0b40c9,0.37456158976794834
ck_92e474e4368c4791,0.06727158029692117
ck_3dee83fa2d109484,0.01111622492111829
ck_80e5ea27848069fe,0.13675939035999232
ck_ed0c4a83701ca230,0.2571689977227606
ck_0b8b7c5c581fd161,0.014817959934033237
ck_60bf8a2870956fb1,0.06403886335722418
ck_73a54b56a2bf35fe,0.9391681422499597
ck_2296d7a563424883,0.08121759262288968
ck_bc19c383560c7477,0.18294349198645765
ck_861d8e3d88f1079e,0.17745327011827525
ck_3f090fc96c24eb28,0.013417541798838245
ck_9a6a1f8102febfca,0.15858244820645154
ck_541b6ad5d2fa5a39,0.11922119507548588
ck_a760d38d1bc4de97,0.01817067562641307
ck_7dca4d7ee10b4eeb,0.04400205194438285
ck_15220e78d1545e40,0.10957146682568766
ck_ca24bb0de508efb0,0.03391119355104164
ck_56b389627d8f02c5,0.8500938003860471
ck_48a6754977a44db0,0.029674357401825235
ck_333a43ec339a04cb,0.5255091125699299
ck_f22aacaf86a65d7e,0.4415079710429064
ck_04bd8a1ffaf3ffd8,0.008826898827666138
ck_2737a72de6b700f3,0.2597202156460418
ck_c35e03b0dd0c3454,0.1866408704959537
ck_e0571312f395cd94,0.3492912473657274
ck_09fab6b9825001b2,0.03939557874605933
ck_18c3a095606209e8,0.20941119372926312
ck_2a97db9377d01e36,0.11512887951350462
ck_f29dbbfdd2786bd1,0.09400127915895384
ck_35d6c510ad29362e,0.7757561471344595
ck_5468fa99c945d785,0.20701899921426525
ck_6f8102f62c876cc9,0.22439098917686928
ck_91955aab3424ad16,0.02172679483698404
ck_9a43c0c73a39d759,0.5408205765448576
ck_60b023af6d1e30bf,0.8891829545910667
ck_9704c5cf8659cedc,0.16029006569359922
ck_7e5f02b51b9f78bf,0.3685898112116807
ck_7d3a88d1aa649708,0.9051529848834555
ck_8250eddc1ecb07a0,0.2652832643242784
ck_d979ef95ee44023d,0.08845857118057478
ck_5e5461dac83531ac,0.09429446401420957
ck_d1bb8890081e0a31,0.21098870533349684
ck_32246c62640648d9,0.02004765676577741
ck_77a40c7d2f862a32,0.23608270319452107
ck_1c8b94efe9238f5b,0.022152577910326172
ck_eaf3b6d11bc3cb11,0.01695106368316496
ck_a4a7ef3ad799c380,0.06241785651396298
ck_d5bd8f68da073cd8,0.09359311199070128
ck_6e6258227fc8db7f,0.0030636440542018435
ck_c35d444e05799db6,0.053005722561077676
ck_74665e1209140ae8,0.6202494324075875
ck_353a272478f7e903,0.007172329322571775
ck_a2c9796ea229a4e2,0.04275762253532717
ck_e0171f91cb3411fe,0.207866206279233
ck_703499f5410280f7,0.02135230959044315
ck_ae3a763997f8f385,0.19523351044900214
ck_f7ff94c3df5ac874,0.38514700401210306
ck_f3c16d8f747db046,0.14836931032014292
ck_7ef019ed77276496,0.026678936026780276
ck_d6a4faadab58a3de,0.031327749669240255
ck_ba7b78d31d74c794,0.30332639783349935
ck_36287d063350ce9d,0.01964504588284426
ck_5177fc7137ff26ce,0.01663570396235784
ck_dfd4e79aaa967b63,0.12945724418203594
ck_fb44d15fb93a7157,0.6750426778107176
ck_fca478361870a4ca,0.08314524130656707
ck_e57b94fe57341058,0.13490948176766812
ck_5448c946cc4758fe,0.14896736340005268
ck_c5ece5ffb8800ad4,0.08273948136498956
ck_11cb98211b2ed134,0.9496898989248985
ck_f655399ac75c4450,0.25177086362129725
ck_c817259019588d30,0.711204482811739
ck_8740a14d8096c6e1,0.11711647837247655
ck_0c5ba86f4e05b38d,0.09239330300265192
ck_ccc917533d4b73d4,0.07207467372373191
ck_9eb80edfa43203de,0.030499726135870764
ck_d1a1cf4cf61d6801,0.4464558898031289
ck_b17c239f160e6017,0.10479721387670884
ck_410c3e13b48e0415,0.02202860792656502
ck_ab553954435e8854,0.9866792490878211
ck_bdbb4230c91e1604,0.7168026626795532
ck_8fd4937eadd64fb6,0.03779263390660667
ck_e0e90b196bef3c11,0.026551897244534287
ck_3dc4d464386f0eb2,0.5842781908955832
ck_51bbbf8f8e8ad005,0.9910176628411476
ck_c05737ab74cf03c6,0.35208155293590454
ck_dceabbe04d99afc2,0.01334413480549099
ck_5b86fd14e85bc9c7,0.8669213375561442
ck_d4febf0083800424,0.06081447949632106
ck_77d9f86dcf251739,0.057181081791726825
ck_b4dcebc543deaafb,0.4007174690511635
ck_cb856e75c949b0cc,0.005553735098668201
ck_61b067de8ffc1ca1,0.38092399644473696
ck_c0e8560ccfd9dd9d,0.06610415479060085
ck_173e1198c341087b,0.09167416829873871
ck_b4d55bc809000276,0.1861556335185175
ck_839bf139296b5cea,0.24397260994833728
ck_78cd402a2a4f2e35,0.009987642131312206
ck_c2925c50ebacbdba,0.051003410488396836
ck_5e3bc76eddbdb0a6,0.01626021224966163
ck_b7793edca26fc512,0.1753329899929646
ck_d79bdf04d6f31cd5,0.046111665021016594
ck_4b97d19ed946f503,0.5255084219767574
ck_37139b41c5370523,0.4623065864092265
ck_8c346eeefa9ce692,0.1398416635225288
ck_2ab7eddee2d8c49e,0.13646470560048765
ck_29da59ea3bffb9d8,0.543313848584063
ck_c1d05ef0ec6e4be7,0.0397073345966614
ck_3882423b449f6291,0.9900800954412361
ck_5647030283171ed5,0.9433625206753279
ck_efbdcd9c181e72ca,0.05008781624757933
ck_192fdad892782daf,0.6395877548660299
ck_0bf2e13b9f2601ac,0.13756851250076033
ck_3d6046a533057795,0.08929857530227286
ck_279a1d3a3836e5cc,0.1685545495213575
ck_c375e929becde422,0.2834661237874782
ck_a59e90219939a1f0,0.041557277217217366
ck_4e9fba1ec54c3ff8,0.20199946715029016
ck_bcbd8588a13f5eef,0.011191202636167552
ck_5f9a7ff990341bdd,0.011662118413042455
ck_e0403d507519b7d2,0.06839011465271282
ck_c9490cb61aff5112,0.2084973139378268
ck_41dd44308e6a665a,0.40294968575856577
ck_76c23726cd7ca947,0.11401653756733021
ck_9be551300209fa83,0.1291670228403023
ck_a98848eec6c9581e,0.4931015792769941
ck_61176dafb33b2d8a,0.8945146347282456
ck_92de019e05971ce3,0.035205764408351214
ck_5d644224135d7c65,0.07742385973677492
ck_c767fc454fa215d0,0.036723340196750706
ck_5df85a8924e11f27,0.39224476376823303
ck_da2729307af06ed5,0.13575739344213386
ck_7c6b577174af7a78,0.056834454896326866
ck_893b8afbe11301e1,0.19248884186346554
ck_e06f6fed020ae014,0.4558298393387327
ck_386680372fb54857,0.027095589666460463
ck_7a7f3c4fe0c9d2ca,0.05629354991522971
ck_f908b527c4db422d,0.3770019633229828
ck_ec2eee6a133e9a6f,0.49507997330310255
ck_d98934f9fe0b02b3,0.013044540523480367
ck_398a1ed77b0130e5,0.09298952741653028
ck_d960af7a55b892b1,0.1809241746992214
ck_4637e54a9f79e2e7,0.020958002781461385
ck_02b9f418524f6650,0.05450958413055548
ck_d4b23804cebb045d,0.05944501681262808
ck_35b1939c48182a9a,0.15098594867580412
ck_2dcbb71e39d64305,0.23064511846791397
ck_47a884dec960ff2d,0.10074712192141384
ck_71fd8c346fde5cca,0.36141636023612955
ck_98e1992ac8e7d2de,0.2430016198392428
ck_ae7780327e210522,0.49332965998262945
ck_e6c584b4b1ad6d9d,0.17248370514020145
ck_344b2e326a6c3dcc,0.013628608064989086
ck_9aa899a5230b0963,0.13477760608027606
ck_e48d14d5b70ef5aa,0.16228554097213638
ck_59d380a0973b3951,0.22376148536762996
ck_11318f7c041a5ba9,0.18132756342507014
ck_7061786fe2f22f5a,0.1630087657329314
ck_e77529651c416cf7,0.28400960208577236
ck_7f79878197340435,0.06493801937806573
ck_b0a0fb0ee9ebf106,0.029098377853339418
ck_70c7679199776a90,0.18638465407859428
ck_b9facd2210daca5c,0.2356551120520563
ck_9949f53c155b8dde,0.107279567576319
ck_1c607e24f2c4397a,0.29106366015641805
ck_aefd1ce3ce093cbd,0.01860857647620694
ck_5a29b7018e43280c,0.007578316399724425
ck_69eb0b2ccfbe5f95,0.1558954210749251
ck_fe037765aa465c58,0.18971167304156736
ck_5e512ef5362a3dd6,0.010940411945608476
ck_544a9e80b7fdc279,0.01521198187463434
ck_7825494e654d5695,0.29834406492061294
ck_f1f2c3c623553f0d,0.04881392697386176
ck_52730906e5b461eb,0.8948783161442553
ck_01e0689157fe9617,0.7096352741178511
ck_9da82e567074da9d,0.3134041361449481
ck_6a17384072f904c0,0.12011255350865274
ck_8d84d771a21942a7,0.007312718909591512
ck_39638880292782a7,0.47811105302802737
ck_7d51c86e0eec72ac,0.20916717280416422
ck_45f4c821c70d134f,0.9360497753035448
ck_0af3c13ba56ce57c,0.038823570146917286
ck_0789a05e061b2784,0.8239495977910639
ck_6ba091eb42ffa9fb,0.8561882226874479
ck_265accb3c5c32620,0.34538957064091397
ck_179039559ff7566c,0.29572472262548033
ck_17c0a6a92b5765cf,0.08323429026501374
ck_59371c9140239fd7,0.09543043534676614
ck_f9c4f8b4ce2691f0,0.2887149736089034
ck_a2637e4872cf4811,0.6024885006275396
ck_1de43fd6c6c22a5f,0.2917326736685487
ck_6e4f31bd108571f0,0.0110354813402234
ck_da06d97db0b18851,0.0038218225582984594
ck_e0346d5081e640e8,0.3153366803347468
ck_c1c7d4e62c9fcded,0.49375048748938005
ck_2595669e421299f6,0.12729717446455366
ck_3b6057d51fd4c7d6,0.09095123382821556
ck_c5f8ab515840a0fe,0.10355759512001077
ck_435cb24538c6f77c,0.3125980043627157
ck_d84b5403da4cea7b,0.2012810367131699
ck_c2b61a98d1c8f6dd,0.9054872012101297
ck_c9dcd92b2f836b61,0.46470642433859577
ck_9eb5b3f5f672c2b1,0.004390548996499599
ck_e4cf189a8d31649a,0.04044657824865676
ck_6b114f2a48152b96,0.01721173175354498
ck_3fb95862b70f505c,0.15287687687116197
ck_7f780f465c29398e,0.08123087161981624
ck_ee387f9da79e67ea,0.39675402556912265
ck_fa3b1e85d27af2ee,0.16564358236246068
ck_e739eaaa7a1822f2,0.22727124535793827
ck_dfa0ac11fcb1dabd,0.042351486687492286
ck_6e8751b571ea54d1,0.20418794782552233
ck_2d695f8358383092,0.5740791988493822
ck_e7dce27edb700f27,0.17280084483879202
ck_e322da8b213eab52,0.036436848627280145
ck_d0b32e039abb8200,0.04579195404004985
ck_b354003302b272ca,0.07279819635564314
ck_f7485cba392bc294,0.5650144299849894
ck_d6a290ff8362c7b9,0.1433154010972552
ck_c56a44fe315c0389,0.0764704838173627
ck_f77dfe6512eae322,0.15638591909250799
ck_35fe969c58b9e70b,0.19199336485860277
ck_4c518637db2322d5,0.5207329320990249
ck_cb61902798ecc4fd,0.28524482805068124
ck_56e6cfa32156a916,0.041557277217217366
ck_343e6ed2b9d35c01,0.34515621878959923
ck_51440f64f7250ad7,0.42865769347761246
ck_295bca29c34cfe2e,0.7468096160269615
ck_dd30558576b45e7b,0.079023054157575
ck_3a30132a57181fe3,0.2853130482898624
ck_4a733aeb833406f4,0.07817179804039359
ck_1b0b7c3d35ab1259,0.35314576384837426
ck_962c3bbf27cd4b80,0.4678534618514119
ck_9528e1d6b1707870,0.10787058743357913
ck_b3263e7f31aab45f,0.24683789369779824
ck_e69195a3c885053d,0.054243606383200464
ck_a907fa8795cd4baf,0.019788683540937133
ck_205c3405045bd835,0.09700250359031634
ck_e81fc223bed3c46a,0.14330275677598361
ck_363751deae40edfb,0.5731282951726115
ck_6176baea8cbebbb6,0.5032217397729355
ck_633e6579f5c74a5c,0.8429381406927056
ck_ddc11fc481eef58d,0.15678163135372208
ck_e975002c979e12c7,0.519263872052144
ck_8e039b23acaaac00,0.6076346147278319
ck_1d6990d94a4d2ad6,0.4161399560308328
ck_e7b583acaa3171a2,0.4059860684770071
ck_c0133f60d39b2fb5,0.3005508218537304
ck_7d6bff85e7a694bc,0.014225615912576666
ck_d305b4d82f63f647,0.01645352473579749
ck_22bd0fc71f95e048,0.49636863377152585
ck_9a65fcfc7916f93f,0.03833587083498863
ck_d61c837b0106085a,0.19951604364319714
ck_be86a1db08dea456,0.22704829298716214
ck_90489c405e6886d8,0.057551393134644246
ck_0add2c321d579d75,0.36864668863391264
ck_482dea6eed92cbbc,0.20778182687906344
ck_c24b47184534cc2c,0.9910592092969064
ck_fa04ac31e596e7d6,0.08510584666755458
ck_084322dc5a3a86f0,0.0987125286591771
ck_ccb72a33cc1877b7,0.2874325117994916
ck_afaf374009d3b248,0.16720948231996177
ck_b53084ffede19a8e,0.0073010253433132095
ck_4760216154c8cac2,0.870625316609484
ck_37ad3a65db673e70,0.04356762228656357
ck_0c2932cc0d553694,0.12104801658896887
ck_86b853c52f20fef5,0.045395818069119444
ck_38703b7546d35a80,0.09862407365755763
ck_218b7e6e6dbd2da0,0.0840347380772123
ck_402db4184982fdf5,0.18012310421700686
ck_f917c82af80e4a79,0.3032286794171053
ck_3c6417a233c68c73,0.35618901153238564
ck_98068c397d70dd3a,0.23132324281358116
ck_b1cbd6679c0f8d95,0.12750421649228785
ck_9e962f9bb0e7bac2,0.1780886394964217
ck_b08247c3ad567d92,0.6604560492637331
ck_3ef7a03ebb81cfe3,0.014197984637024008
ck_5d7ae0e3562e99bf,0.24689343442668796
ck_c91a628236baf91b,0.46655534099141677
ck_7f8e816ca51755e3,0.6749410928215701
ck_5aadd286d188f5c3,0.018041971116307082
ck_a037aff5f8128c73,0.09851917974515048
ck_5df6529ce8290906,0.0698117177953141
ck_5f3609511443e5a8,0.01626945675446498
ck_a6f61864fac3c8fb,0.06318466975771667
ck_2733fc6ba23ae46e,0.4633956412704868
ck_22bfb9246646eb41,0.8840553167010154
ck_bfc2a57d8fd1610c,0.8374353145322769
ck_49839e761d0e74e9,0.20607776690685628
ck_aa4ba931dd37481d,0.050493540418011025
ck_2f9fa0d61829f815,0.11103473205787225
ck_5b82c774df10d49b,0.007902039080795594
ck_411219470d0a195c,0.14468332409573875
ck_d07485ba10514a2d,0.9089199476476145
ck_219bef979ee21bdf,0.00524261849916838
ck_eb1006e7285184a6,0.2100920878822697
ck_fd242b18575e3063,0.1318770441386167
ck_95188150ff059c70,0.26640514860566417
ck_a9ca2f447b984a6a,0.27202835923333135
ck_2dd39723c4088b64,0.060253980363505794
ck_aa2b4c662ff213b6,0.21593516213907088
ck_1867b1199c864db5,0.4478762954493868
ck_850ec97a5a0dab9a,0.03000291610021829
ck_562320295fa35875,0.03277206758827899
ck_bab5759b07fe2bea,0.06042134659001409
ck_b9f1465d803e57b2,0.36591674065686297
ck_8f21f2690c32c691,0.3298068550007232
ck_df87d6f61a63eb21,0.09139556944608743
ck_770475876d0e7e6a,0.04085132895112585
ck_b4c014d5c0cc9eb2,0.1867939256812261
ck_3add4d23124c9290,0.050711130492378735
ck_bce5b7fecfb6264d,0.4686805577694257
ck_604c17cb97dc89be,0.20256618146787841
ck_e52cbcd9aafd26b2,0.03433770322452948
ck_0ac9114076f5bf3d,0.07741256190180254
ck_dcc125b178b79566,0.023872541750648565
ck_4e333c09f0c37dee,0.06243403845874705
ck_ff7e31ff8ba731e5,0.22955957356285916
ck_8d0532d24f1070d1,0.028175558561382128
ck_3689fa41748a6f6b,0.35730123860931723
ck_7509eb97c1948b16,0.08007112675430486
ck_a9161cf1ca22a6bf,0.11087598899118802
ck_bed3e3db135b782e,0.6064121856959628
ck_9040edd974ef8e3f,0.6784993618791173
ck_fac32d76ed40f683,0.41837605161401226
ck_3d7b1078e2d57c69,0.10015722362050929
ck_dae09c4e074af5dd,0.10901319225434132
ck_fd84507228467b40,0.3107972929562872
ck_e2a2ce9b8cf44c63,0.24503945968456975
ck_cbe716f351d660d4,0.04944501239108093
ck_cba4162ef29a6d27,0.3601365732841394
ck_4f1e962ff8a29732,0.026780162929900327
ck_39a81899dded61e4,0.11472828929922509
ck_25382331551d22a5,0.20452602387003924
ck_6d64e1c07b19856e,0.06701698761349464
ck_165a868bdef28ad3,0.18320168033587453
ck_88774ae52e30e877,0.23886284575196612
ck_fc7a9d0643570053,0.0287816381088636
ck_c2017120b3b88a46,0.0554848994828777
ck_d115ac6b9fd62a7e,0.03416072699110946
ck_439cf7d51ec7de0f,0.09212535775378675
ck_2468a7e9e68a0927,0.14218255713837197
ck_7c418947124dee8f,0.495355097775252
ck_fb0cf32c4a56f740,0.3231125298865631
ck_694eb6c43193afd4,0.2676930721375287
ck_993beb188dd4abb6,0.05299179359284743
ck_77fa39d3b733c226,0.4000500033399167
ck_49969a9abc47cb69,0.10553990418765052
ck_d3f44bbe2f7e9b2d,0.12255756413279362
ck_fcf5b8216d0c18ef,0.0350515644819432
ck_daefe1e2d2bc362d,0.05621707086930747
ck_9c9287cb28950eb6,0.3683009477028574
ck_c1d1a625b885a975,0.125216252841368
ck_71b37fe47490b4ba,0.06966186727143067
ck_5d16e257c0635f7e,0.7979539909989447
ck_15918075563eb074,0.00802966762192041
ck_9a15fdefc47e8d11,0.02351724094781422
ck_6f04d047d1dde75e,0.01003822760952178
ck_1af2c0b3b8d202c1,0.0895279117439241
ck_174be2231c5fd2b6,0.019046100526385088
ck_bb0713a2a1d65982,0.17432432984596455
ck_0daec63bd5b0729d,0.19825526344754507
ck_c0b5cc3e8ad2ff44,0.2938877601644782
ck_35bee1fc12664644,0.5561822675080569
ck_a1c7cf63467df4c2,0.0232703906434452
ck_ecb1e15f0b185ceb,0.3319634118783443
ck_f280d31f54a4710a,0.5148973020536894
ck_30f4b2ee8abe1342,0.37578033499928215
ck_66bed631354de5b7,0.1684255152423622
ck_c2d3ecd7278eba2c,0.041069636840021656
ck_e901dec0e09eccbb,0.011311466912257324
ck_5d038ecb3c8748a3,0.1346547970245386
ck_283c5bea94b21e80,0.0718645245756442
ck_7956c251b85f009e,0.9693674554566301
ck_9f5f81d771146aa1,0.026039904024506576
ck_9323e6fc1e168eda,0.921333079493768
ck_10495d3a635b8d69,0.217694489131746
ck_1982d571cd36eb0c,0.2457902414212487
ck_4f5d7985bcc2eda4,0.036243981209256086
ck_7df526b2b4410bb4,0.37439389191290195
ck_dbb498b1a346a402,0.008991507922667348
ck_ef059997563e3330,0.06620472500304643
ck_02ec4e06709e6b82,0.02831156203893266
ck_9782c86ba6485f88,0.03651824254732868
ck_d69de468b44143ca,0.07975850442066974
ck_6430a8792f400e0a,0.09276970549741698
ck_8285bd3c90af94f6,0.3924793797265884
ck_985c9ca112000e9a,0.13575718099446618
ck_e679fbf4f4f4aa07,0.01664524944391922
ck_016e8c8eaf9d511b,0.4775908349990619
ck_bc996c523944644b,0.25540319131947686
ck_5b8315726f6204e0,0.1829855778900424
ck_78181f8e998e442f,0.017682519142718414
ck_71c68dfd011dbbbe,0.92976056578503
ck_db32c95ce2b6f502,0.9654240175591283
ck_755010362a9b1bc4,0.009271444335340532
ck_114141d85256c9ff,0.01617042247051695
ck_9d1a5cf5a3b87e48,0.15409706270305354
ck_ab640420858ab5c4,0.6892181015181847
ck_97a8dac48dd62488,0.7149011370669914
ck_879cc3166fe1bada,0.02738748000123762
ck_b0ed11080076e381,0.08733416657085055
ck_7334a9ec656263b2,0.030884803938849428
ck_6494f0ef13ce44d9,0.0690114157099872
ck_724e459b9ece38f4,0.33442970339327355
ck_7fd8b1470401695f,0.8931455062257134
ck_292f81186358b0fa,0.38690712286134515
ck_fa7de64d37287615,0.3126679757141503
ck_d00e09e66ed6458b,0.6688056138911944
ck_b8d210e741be186e,0.06489913948338259
ck_3db59982cbae4410,0.1308494636910429
ck_69887d0a9aaca6df,0.035450893998522005
ck_4feb21e2fb0b3977,0.06881796049516549
ck_08c6cc1e143475e3,0.005327509079412893
ck_fe6e168cdbb46b9a,0.34344612818411385
ck_07f1734be7fac56a,0.111294803799115
ck_d66d59981307db93,0.2232511235573003
ck_f928dba0d587d7c1,0.024099321336807374
ck_786448fe3004cbd0,0.11041924968604605
ck_29ea329fa40ace62,0.1245403209056113
ck_7ea52b6f27edcb73,0.3233342259261113
ck_18bc51bbf3ef198e,0.15246362597996987
ck_44950df09ff14ded,0.012759491845147285
ck_c1466b52c0a10b93,0.35631908266684825
ck_6cdac067cc4db5c5,0.1417437692919666
ck_53f55c6e8cf2d432,0.0070847913287980105
ck_95945f48453ca532,0.3358130499549153
ck_87cce4126e215153,0.11015507052877056
ck_1ecd5516c92caa4f,0.008482825876578278
ck_819b482bca14c068,0.7228730379235382
ck_a61a879dd46fc9f2,0.023390240573972494
ck_af70aa32c009c3c9,0.09749892205248833
ck_f4fe78e249092ab1,0.2448572050916398
ck_12c46bc52bf45b36,0.16512682062606698
ck_f05f5e4b40afa52f,0.4347156351822633
ck_0f8cb09d3f4fc980,0.1430806423495919
ck_80a64a7f0275a71d,0.13983684219179393
ck_683af7b1540a0b22,0.7360584923590223
ck_51fe0b613c076cbe,0.08801303664329475
ck_da1a2450219dcf19,0.5206485008495322
ck_2a7eba01ceba6c2c,0.38162010508719735
ck_4e329e29dfa743ea,0.7169159095214468
ck_0274d881d6db82c8,0.06584988257360362
ck_0af5b7d128035b35,0.1700081139377153
ck_ae0a7be6b0a0ea68,0.20817925452686614
ck_de5bb7a4d091386d,0.747148444702988
ck_2bb7c17168a9d17d,0.02366184298911811
ck_0ffdff7b2f5fdfe4,0.058176322787428694
ck_718a8390b3d42d7d,0.07435872922546999
ck_7c4f12d70f184533,0.0586587879852887
ck_d3e2c26b8adff099,0.06407583782574396
ck_ac9d3d9754104cf0,0.004557918790644164
ck_3b1766a1d51f8f0e,0.5134127847000404
ck_a9bf75bea912027b,0.11003186573823374
ck_687eab3ffe1f8cfa,0.36864668863391264
ck_25dd0b02af5b2f37,0.36518794120449766
ck_1747fcc466f0ae38,0.0215158476555247
ck_f6e9d14dfb6f3c28,0.11169498750702225
ck_c6a7bbd0adc4d5f3,0.353147469195907
ck_46656a23f4456d22,0.9464886328936891
ck_7519260415c2998e,0.14256613883641206
ck_754f30ea19df857c,0.13155376755484927
ck_ba88a244d5f7380f,0.17890111507515122
ck_f268416945316815,0.05911319545197649
ck_21860dd2159dff28,0.015976669542457335
ck_7a86ef4e2beaec38,0.07058669046556272
ck_0414507baeea936a,0.10532788527865189
ck_60796eb60fc3043e,0.03355464173642737
ck_1e0841ed17fe0562,0.2049093025915387
ck_0d641d32658d6e0f,0.006889748462020148
ck_b36086ae6d87eec1,0.1910121154479726
ck_962e65ab33b5c311,0.8966053850374991
ck_b046a42684468e63,0.09547650044419839
ck_ab3426435b0017d6,0.3531806580052153
ck_fcfe06e44d09a344,0.10033585076819271
ck_0f6d916c92189516,0.447033880402441
ck_d4c8f0d957c3965d,0.10393562924878096
ck_2ca83dbd728af019,0.06609455587237886
ck_2857a4ce9f72fbfa,0.046207084696694746
ck_a60e6edc48e3d0ac,0.8662047784493864
ck_0cbd3b27063d4415,0.5363766841095896
ck_612089ec90c37219,0.2978189340031868
ck_ec4e597f17f473c6,0.018830493032319547
ck_1c93cc58f314bf71,0.1485027158564163
ck_2b359a979520276e,0.08276173245599347
ck_1496568ddc3b2d56,0.16131843915873695
ck_41d91dc9f5063566,0.11550133095115071
ck_4c5ff58afe3d7a67,0.019382539905653626
ck_81709736281fa3eb,0.028150736411227187
ck_d89abbab3d4957aa,0.20953477951910818
ck_52453401f88935da,0.2808504557824414
ck_a477654d34783e06,0.036278890146478344
ck_72dd0dbdf808cb00,0.09021991821054363
ck_c183dff3781746cb,0.19480896529915503
ck_c8b7f241810b45e5,0.009652182781465159
ck_f88028c3f306bc70,0.041993266641690986
ck_91d48d69e4f5d9c2,0.1808207523088331
ck_b74b9ba6d7c9aab7,0.6629698777591764
ck_03e904682dc73bba,0.2620179910161667
ck_fc6fed6ea96a004a,0.08538848226408861
ck_51efdd240e34c642,0.2970865395358193
ck_e78ab4ff52b5fd2d,0.24459817882733614
ck_4af7b97c24d89a45,0.267426176610302
ck_295c0072eca7f7a2,0.07654569069089613
ck_8abd1a50a9227463,0.4082237238459566
ck_ecaa6f13304e3dc5,0.01158658574523563
ck_de436e7b319be1fa,0.9891096380348944
ck_c802cf8f61466027,0.010307722071574654
ck_3d83e0a3c1cfbf8b,0.13524988535590746
ck_28d2003c2d16e4b6,0.0648445669011533
ck_8ddaf745bbb9cd62,0.013992881841904328
ck_493b6256091014cd,0.3658199310328989
ck_a2245822cfea997d,0.029792562260547086
ck_f7305b3c64cf8a03,0.6389940515601436
ck_9937dad93a0ed3c1,0.03565614143605302
ck_d654449f9231ad76,0.05604283079610347
ck_850e2b59bc535490,0.6048185364851527
ck_e55e5bdfc0242aef,0.31196887183997357
ck_d35c51e981b98c5c,0.14112866749651642
ck_27cdf9c5e6f0915b,0.12646830862085287
ck_d328db1e1052d820,0.08684244693586902
ck_0ea30eff5f361cba,0.025254690832550775
ck_9994323f97109f4b,0.9879481701781874
ck_09054e97bdf9624e,0.011449714977885129
ck_723b4afc388113c8,0.027239693804515495
ck_588f6e6a6a6d93e8,0.22923959628345933
ck_e1d563fab4d6116a,0.06034668325555565
ck_53aca610e20598bc,0.07841105552990138
ck_c8131ddc7ed33448,0.04380202917839362
ck_899f88464305824a,0.17931338751139203
ck_1c17c65804f8889e,0.0665160456683816
ck_45a16ce12893cf9b,0.12906574445854407
ck_f9d481aa4f9b2808,0.7346510860151055
ck_1d5d74169cf892ef,0.19560151909702927
ck_aba32acb61c1aaca,0.35955366481802525
ck_ec4dd3675a8d28cc,0.1479698591160064
ck_5dcd443fe0bbdeac,0.04441796520858072
ck_3a47e3f54475e854,0.04313634615702151
ck_a9aa5c344c315532,0.1052845040059932
ck_9652283c9f61fcec,0.017230004725602134
ck_752dd3d2487f78ea,0.15239533314477036
ck_a821980ac4db9943,0.6242917986201549
ck_93e0d6befb67f7a1,0.15385566072045664
ck_e7a3881c3e36bd51,0.7692478086355055
ck_12631b78f8a03df2,0.013901172309565894
ck_57b8226610b48854,0.044468952650526326
ck_352657008983fd4b,0.13464587532409747
ck_0841a5c24fd3dd28,0.30190117636609587
ck_db9b9d5d30f74070,0.2126313700840559
ck_a9dded7f6294e44f,0.5790023324465493
ck_91a16336ce3217dc,0.22542866926558391
ck_371bd9388b287677,0.033497399346633365
ck_f285e5e1912a7c62,0.017850007713480307
ck_368b65fca69fc415,0.24104881385646723
ck_d27a73596b6500c2,0.21446283856037382
ck_2d963f9b2c4d11e1,0.2197667791040929
ck_7c500e219af39486,0.03258913085891064
ck_7d025dea5951cba7,0.13998500798197558
ck_32f632706608859e,0.10947282722492206
ck_53816231f3ffb48d,0.01695899647625261
ck_9dbe184e81c1ca8d,0.33399071137621045
ck_d74123617f22a21e,0.0586014529185148
ck_275386782b1606f8,0.03343249636685828
ck_0b0e79d33e50cba5,0.022337965529605035
ck_ba93cb604f792915,0.125885856375312
ck_a86cd653472eccbc,0.07894517196693503
ck_87771861e0447210,0.4458250344254816
ck_212380e0371d8a6d,0.4316157000567359
ck_ef0d702d7b0ed745,0.024192947768178628
ck_2b8f33e22f939372,0.9485910537477157
ck_480347ad92037105,0.08795675438099529
ck_20124c3a16c53ce4,0.13901062918222173
ck_c9e1e3229baae708,0.667338029241336
ck_b1befe967f7a5ebf,0.44645003960977214
ck_4672167d7c989bbf,0.16780864482444618
ck_f0c44ee5e3a42e3d,0.4241004515785154
ck_c416357d20238a4e,0.01806336708921063
ck_d0f470f8078c91df,0.06444592316722163
ck_3a70b4ee59084715,0.042681214286478926
ck_179ed66cdfc1ce27,0.018613542026053812
ck_387e5a7f163c7837,0.2932150357916246
ck_08fb463e69f647c8,0.9811501967320609
ck_732f725747393ec8,0.12410587183357996
ck_7cc5e0fa3ca5a713,0.04473238741368596
ck_ad4a4daa826ac68b,0.44592555862699246
ck_472e0be7a3b533bb,0.21543130664342763
ck_7190177963eafdd9,0.15695042961719316
ck_647ac26c5900f082,0.2070992421341713
ck_272ae2179bbd8e58,0.09692903400095182
ck_09b0d8af304646bd,0.01065011918786768
ck_ca0cc8ea9f344408,0.09985034412276197
ck_332ad134fb909869,0.1375099689912338
ck_fca2798914627dc8,0.5483136440855418
ck_4450b55f462ae134,0.05598150191751287
ck_d67d9dfb60b286b9,0.007839546108390822
ck_a9d2bb4f2bde7052,0.07651439955196213
ck_929bcae878a3ecb3,0.8649274405608649
ck_59a9e000fa275e1f,0.12278902321224
ck_57f17254e2688637,0.2264767618284879
ck_0508908697f60ce3,0.4642612305736142
ck_946afc2943298d26,0.1031197565485493
ck_7176d12b18f2cc0e,0.13749604401295265
ck_5c47b49c26cce286,0.09368727011605937
ck_b6a2bdb2d335e1d0,0.9871060073787596
ck_1d58f6caaa4d012c,0.44943710854312935
ck_71c917295020ccc7,0.08291767516494525
ck_bc89644ae3688995,0.16806741612051015
ck_e7c212f16d6df272,0.08521067183712008
ck_c6d2e11a368184e6,0.06160485695620725
ck_eed7f1f7548df15b,0.04627633380947055
ck_75b69034000ca7bb,0.21803298501634627
ck_38da3bf629458682,0.07155080926187189
ck_90114c891239d821,0.009450269655599145
ck_8ee08f6777cc155b,0.05330595503447312
ck_bd86132499defcd0,0.03342712471949941
ck_b95fbf2b5640aa82,0.16707655880033467
ck_c530235393360e3b,0.1452874273484995
ck_be52a7ec43241ba4,0.5849585022691183
ck_d96eb3cc55f2772f,0.11543971419413789
ck_dd34f0a844fb115d,0.6581923088336379
ck_17cc7b411f448e66,0.27514683735683704
ck_856ea65fa27d06dd,0.23105566363115174
ck_056d5f0301c30902,0.46542516350854063
ck_e662b14b2bab23a2,0.6109463034014408
ck_209f574c8d92274e,0.08383144819894092
ck_62720b81617896cc,0.33461323830842127
ck_041614694b77e599,0.09583018238482498
ck_461e3f7b97db8d16,0.2634828411137871
ck_1b74b798eebeabdc,0.25816839909010714
ck_0ed2739384f1d644,0.1151304907629781
ck_5a4d19f1b83feeb8,0.028963640114839755
ck_463937167965a1f8,0.11147100745085589
ck_9d7151dbdf100e0e,0.17027781083737192
ck_20a7d1ce6cc27312,0.0662297845543123
ck_6031211ff118cf0f,0.020385132821037485
ck_a6fc92aa91e99b77,0.9207108165884825
ck_0aaaa9d2f75a0518,0.036161631146842184
ck_ec26e327cc1848b2,0.17756461355075398
ck_0e6bebf8ae9b9b03,0.02939992188841207
ck_e107537a4cb738f4,0.08929454383951352
ck_e8ea56e122a5a487,0.28880909180234804
ck_98149ed45d38c4d3,0.4504438723997339
ck_0e719b3a6906b8f1,0.0072895878087609325
ck_0c6e7bd357e4a348,0.04971590644670338
ck_d3b2b250da61db19,0.955972677989724
ck_8bb6b0a292754576,0.20275567703401154
ck_87d70f5fe48a6128,0.27364412038313246
ck_ea9edf9c107d429f,0.09013055565582455
ck_059806c52cebe4f1,0.7933150980199507
ck_a72d6df666e1c21c,0.07635394464766607
ck_1d2b80ab6c4944b9,0.1967189228931231
ck_60557f077abc42ca,0.8677796180101777
ck_e5f5cb7dd6ce4a37,0.3015006589698264
ck_4c4a939154446053,0.009242613880419045
ck_50ede3eb561a202c,0.12004407110034361
ck_6d03a542922b2ae8,0.29505926374586944
ck_d6fe761ed0db3270,0.15629828393959866
ck_7f0cd6ea3096f985,0.04177252775563606
ck_23edb6d938a3b87b,0.02732890488504699
ck_799aaf9f2b9ef621,0.037027027268321556
ck_f8f6a03613b6dda8,0.12762195474476967
ck_7cffb189f4f514ec,0.9698372423781092
ck_c081e1967dcd811f,0.26620151794040753
ck_583d6ca78c97d91e,0.874569469719467
ck_9332bbc7125219a7,0.07003742038077745
ck_956b5af6d7d86c65,0.7996634038762624
ck_2d634e3f24681c0f,0.21053664675949646
ck_7b35d218ed0c5a60,0.047255271721126126
ck_ca5b1057f8248f73,0.2213060795719008
ck_ec5ea81cf813597c,0.17274041662528383
ck_eaebaf4d28400fb8,0.21338383580803447
ck_ae2ab6be219219aa,0.04533981297024548
ck_d99a8b4c820eb46b,0.026670969581432797
ck_bcfb7ffb7cd428bd,0.07032451670998668
ck_3dd542c2d31be2c0,0.24556094564210573
ck_c7dd84401e29a7fc,0.0187171672599057
ck_c4bcc7cefd40f8e2,0.009978061800071264
ck_c251898b5d51e3b0,0.11653578814355807
ck_36d37be780c1291c,0.1128446185745691
ck_99b4f266b61ae7ee,0.22513973222882863
ck_c37f03995f0f0169,0.00805909202785287
ck_65a23ac8e44eb901,0.009329723472241579
ck_644b1c1149eea9e0,0.10341252344549294
ck_9cf44eb0237c2429,0.033937671165796705
ck_20541686a94fb71c,0.42103755305841084
ck_c18245be844680f3,0.16010508267440685
ck_56de216eda6b7fa6,0.028950945678541184
ck_406c4442dee45cd1,0.007583153408503892
ck_df1585c7d72a96e0,0.01546453138927819
ck_b8e8dba20676d87b,0.20375305211643283
ck_0ee6965e68efc177,0.2660552923051468
ck_c2a5c54ad8d0d297,0.19953805575264796
ck_bf6fb7e6470e95cb,0.03410510057038128
ck_27fa694569140345,0.012200504224511338
ck_e04166b0ce66393a,0.09994492337813354
ck_8742114f4f0cb22c,0.7300631594459579
ck_6eceeafd56b42576,0.5382460239898941
ck_34f9951b0eca1965,0.1747400414609472
ck_384ccecd342a24ad,0.00454973944816115
ck_49c98bebd1338879,0.011527804422307088
ck_6c26c12071c91ff6,0.04280056056246761
ck_01e5986ebb9a78f1,0.36864668863391264
ck_121db7ba3be29ee8,0.08455059736669902
ck_039e6d5a330cea1a,0.7050117127956943
ck_ae8c9163cf957d7e,0.11794057430336737
ck_3f5e8f3f1df0c8c7,0.4120284121624697
ck_b1c51fdafcd80122,0.35904336654425995
ck_12e2b5ebfe8986b2,0.039991869974112575
ck_d55eb81a4d543c59,0.16048696177066743
ck_f85155ca5c312c7b,0.20213018962383092
ck_133d8a1ac7c0e301,0.9925577265318133
ck_04212a9bb9b28696,0.9911407050989248
ck_4cc11c7d3ca61f73,0.005516654739741866
ck_2df4854186ec515b,0.08064314208914418
ck_aa9b28e7fc43af79,0.9247201588085342
ck_47cad6c3def4c9e4,0.02830105736586568
ck_fbff7b5da8111567,0.08824644932727045
ck_bd25ea782e375b22,0.26914299620190557
ck_7989376f8cf64a9d,0.15554191273147877
ck_675c0ca1ebb1051c,0.14598337728611893
ck_1436f6e11d4008f9,0.22102200332583388
ck_812cb3a4482cc618,0.4438131596207524
ck_6e606f73a1094afd,0.13080663706664628
ck_1b708e2a4a0584dd,0.2689254938238396
ck_a60d6b324bae0330,0.21552918802228516
ck_706a4f673a9fda3b,0.9660475231584824
ck_a75ece9a9044eed0,0.03184741003042187
ck_9aa45c4e03c8c57a,0.4664298581012757
ck_9fe9bdce982b312c,0.7266005747218526
ck_c6fbdc5ba68a8466,0.14935442101519927
ck_ed0cc1b1c28f9511,0.30263439804833747
ck_a4e2607b4c8021e8,0.004965451160252256
ck_e02f93f51cc8caf3,0.06370711060493166
ck_7084ed3cf20781b7,0.3445972569675499
ck_cd4c63155570d6ea,0.08123147590923786
ck_d1b9e5d32d2d789f,0.01866838831937195
ck_68f56f6560a7a933,0.11795666730650477
ck_8bedacc6233c6269,0.14905128060666664
ck_ab7cb50407d6b13e,0.1708369070864293
ck_f17ed7e0fd687742,0.49881325600782495
ck_b0fe4b92fc70f72c,0.05950324681812061
ck_84d62b8196da2452,0.13713713395272736
ck_9e298cae167f4693,0.35002925738784074
ck_405b20ef9ad0ba5f,0.36325615137240935
ck_813e02e1ababd177,0.26358358249685265
ck_f234ab47061ba7c0,0.045009478209668934
ck_22b587c18363899a,0.24482896748872296
ck_4e862c2f48c38aeb,0.029069572784297185
ck_b89cb90a420c9075,0.16191713196560156
ck_be2251640f27a3c9,0.4952545514443019
ck_46bec0bff167ed3f,0.3706802626012218
ck_c0032232c2868328,0.04453971511920362
ck_030cf09525dba4ba,0.028690315359026282
ck_6ecf56236789fc09,0.9690668945084742
ck_38d4ed52cbe6d123,0.12184004485913884
ck_2d923d957ffd4d53,0.3140277597088805
ck_3af1eb88728ed8c7,0.2496193552747371
ck_2f8120ca80a1592c,0.22321606112967007
ck_6cabb1a133f0b151,0.08572187229578797
ck_bb6cf7e7b707731d,0.9335549167071437
ck_c8307fecafa90140,0.42054337556683435
ck_75f968be67f46d24,0.17538884105916577
ck_df6fe4ec5a233213,0.03979155966526669
ck_b53e88c0e927d896,0.01095411870552106
ck_f0093064aa28f4d0,0.1085887406827872
ck_ec9976cabc63ff92,0.017016361732892952
ck_30dac0a58c5590cb,0.4557194055923401
ck_348a525791ae6475,0.20599173836292278
ck_b898d912d1181ef9,0.08937445818625844
ck_f5b1200dc6f95760,0.47742508786183857
ck_54978a073e7a0b1a,0.23530479742459048
ck_55933936536a4071,0.013730672060088057
ck_d6ba7ffd2ae08863,0.198076653455158
ck_404e2217fd87fdd2,0.0300000043057948
ck_dfaafdaefa5716b6,0.18703171527617993
ck_556c62e92d4e7e5b,0.5649822220653442
ck_7ce44f4e06d58111,0.36381582299565984
ck_465cb8ce232c7670,0.05240138702678424
ck_237508ca4fb37268,0.36310427010496377
ck_ba4a6b9aa63964ef,0.08481728010799666
ck_4802a0a7a1882c88,0.8403828652858817
ck_9478dfe4114c30f6,0.1378748691822473
ck_5138f6c575dec64c,0.4108100706355733
ck_aebb42afe430e2e9,0.03430642355086752
ck_004efa95555437e9,0.108840766172198
ck_11af112667c98394,0.055924707756817175
ck_44e9a18a8645c9d3,0.008161937312503954
ck_2605fd571219e28d,0.005598099795989524
ck_dfc933493561d84f,0.3250351800966279
ck_67674348e68d1f25,0.12364416310097723
ck_dd97429277a2fa00,0.22864089502824403
ck_d3eab7a06eb48348,0.42486570933465295
ck_0b9fcff9667ec05a,0.12770816568050936
ck_fc4bfd6e739bddea,0.0159724052473637
ck_43292f70a03ddf2b,0.5913796018244315
ck_5ff6108056a3fef5,0.09598912199944355
ck_767e0be086b5f601,0.12864337910013315
ck_b8465b1a5666155b,0.16499110858205926
ck_ab2e3fc56f5b3aae,0.3425553572654576
ck_1833c81d693c1e07,0.9728507484914526
ck_0308e0602b856445,0.05354095817242677
ck_ccbdfe744acff8bb,0.07688238553131294
ck_b294aa27a0b586d7,0.01744401885985319
ck_a3747201f377626d,0.978359313259896
ck_edde1d7d1db24725,0.16365367186704727
ck_ae3b47d6e1063704,0.04054364907563865
ck_3aabf5e0f4defb41,0.0662370864972561
ck_f034adb57391f3d7,0.510645035434342
ck_533672fb40531607,0.4043070976235377
ck_2a244f1ae08ef83c,0.2189586918139644
ck_a35d81bcc54ece2f,0.11852838617073866
ck_78a61215675b38f0,0.22108957761182962
ck_e013d88ea7939616,0.09697298998990228
ck_e5018f9418e0102e,0.30240912214230353
ck_d4e024fcda401a31,0.029741951817501378
ck_f736cffbdb82db34,0.015916558895945065
ck_1507f5aa50cdf3a0,0.1984725609443454
ck_18270fee7c8fcee8,0.0605283393934575
ck_95ffa1a805a1c9d1,0.01784702486426882
ck_11132d245b94d045,0.03034956861618239
ck_7b93a622e40d8b14,0.36864668863391264
ck_3854c08d17704347,0.41469324213342784
ck_7717fcb100dc4b5f,0.4411629471285208
ck_ba54e0a1c328119b,0.6489608608002186
ck_a7afdac4ecbf2de4,0.8888194203641306
ck_ecfb771ed2352085,0.10195923267697901
ck_68be4fefc85a6b64,0.8323461462344321
ck_dac7c50bd6d0148f,0.015557409370997288
ck_87cf36a03bd63c24,0.34892557889985043
ck_8adb40b168b59d7c,0.22577971640921304
ck_8d2f62930777416b,0.34935176188142586
ck_9958b58da9e3c21c,0.5110437653424853
ck_9440335375701f44,0.13229111532747792
ck_e2f88e202b6f700a,0.15200856751596944
ck_4c7c50684827a2cf,0.062230942404885116
ck_8a6ea4a79b1c7a8e,0.09023580178254406
ck_186dbff4b24a3bbf,0.6211480181537089
ck_220fda3c11c59b6c,0.24861327351018617
ck_3acccc69f8b1fd14,0.4386986675601053
ck_9de191bf79afd676,0.08521395474429488
ck_6de6b1663f9457f4,0.01143966141547116
ck_062754f8b79b86e5,0.02021975591762964
ck_aa153a89a52f7eb5,0.36864668863391264
ck_34a6bd3be642f15c,0.2003657039205437
ck_9371c700d9830326,0.3831153290892386
ck_a99e0c258ad7576b,0.12278380553857662
ck_0a7ba51d626e932a,0.4460268501956581
ck_852c50bbba1ead13,0.5415914388761768
ck_43dc13b6b6d31297,0.1633040568252851
ck_7d81b59d615a6649,0.2982866055871534
ck_39a3f1da060e88bf,0.13670033531716802
ck_6fb2d142c09ed3ed,0.679437572844168
ck_6e5752b87324b58c,0.060837840467891556
ck_9441d48a12e8a4bf,0.6411073863511225
ck_09e9c51eb538b255,0.08764215636285498
ck_8d0cd981ed3a183a,0.28918726448063764
ck_57c07c45269ca8c0,0.08082711133117296
ck_ccfc9ab888ba933d,0.08408106246149308
ck_9658a6ef471053f0,0.04568027817697943
ck_dac3852758f4ea89,0.013947383837631284
ck_b1ed2278f5f14d82,0.3420109048832274
ck_333544d173524f70,0.3019528850839533
ck_fd4582e3853ef23f,0.11167712593328782
ck_614d936cef98db04,0.009451737173003849
ck_6bc351a3d57aac54,0.2919109596856764
ck_af5842fa7202ff25,0.1887314937926593
ck_81307759252571be,0.17303731268587602
ck_b4d2f02d2cd45720,0.7978735068429734
ck_1bd753a4681946c8,0.9699502886665906
ck_46d8c029d46867b2,0.0409990616431961
ck_b7da6640fa2f49cf,0.5001680789163101
ck_9ea3d5a5a91fef9f,0.5949082864041464
ck_7b922518f667f76a,0.007179074832631144
ck_2a5b31594206eb30,0.8020783284073519
ck_d9506476ad3f9e08,0.19009028459639754
ck_c8791f7ebd4d93c7,0.377423509123177
ck_b5a3e20fd210017d,0.2208800824510316
ck_8e54386f4fe22cad,0.09064208523056044
ck_75296704f5806f56,0.1571805030389764
ck_0fbbc7a6af300368,0.03713809116066468
ck_d19bf4dc0627113d,0.02615105927286243
ck_7951bd4eb99a0175,0.008671622349357344
ck_059e4fac6b7f704e,0.05886350132757855
ck_2ce8931af02a2ce3,0.1665027557476699
ck_9e665618a4860306,0.0562974129473392
ck_6fce5a893613fd2c,0.008138973876798072
ck_9e3fbd04e3532f32,0.8181539020217756
ck_55f2ef0de3420e3e,0.10113107662477346
ck_8d87658a6f5d204c,0.8958296629482874
ck_6d6ac1f5dd882aa5,0.043335721429236966
ck_55d0c7012d7ef236,0.43275259467666916
ck_7738eb085e5753d6,0.5647841179340619
ck_0e6e05c3cc8c8242,0.09410969070239084
ck_8d27ff8383d48132,0.011603284594629205
ck_9afc3bb849f3a64d,0.1861501898915332
ck_27eb86a9898cdfe3,0.06485940498721533
ck_1d40e4fc541abe93,0.750112788742943
ck_4fd9dc00e1913587,0.9013722980727357
ck_b26cdb2b7b165d2e,0.6586808560578239
ck_a79a27767a02e31f,0.18672502810088282
ck_f0c18cb9f951a71e,0.3952251796666148
ck_50460e0189de6274,0.7682042552093792
ck_5e5280539257c986,0.10337856420556046
ck_eeb854318b3a6f0a,0.0889360301537594
ck_943f66f28dd24750,0.018540220656671928
ck_984dd7452aee372d,0.17426029496408701
ck_ecaa6de0aca5e9a0,0.5919830302367245
ck_8f1cbc432e2774f8,0.22760306576148603
ck_d91d9f8445b9769a,0.763380365405618
ck_73c18e03e3c7612e,0.06951564972318244
ck_aded05ada490da20,0.2669490149591534
ck_f744e208183971f8,0.028467950853459444
ck_02d4cef6358ad3b7,0.0436471060217948
ck_08ff5bd467226a5f,0.005770486664545795
ck_f824b326d5089885,0.8034813826990792
ck_3420f2fd520890f3,0.014831459382700645
ck_1838cf8d00f5b1e1,0.16663214820463237
ck_a85182ad90b6f1e1,0.01249617004589749
ck_fecb39c82c43e76d,0.017403246426205287
ck_162513e73782929f,0.32110161215846245
ck_2c27b77c59d8f23b,0.5410481024984334
ck_4221e07b17388fd3,0.2924003264112709
ck_adfb8472d5c3d669,0.11925474521427265
ck_0742fe64055d686f,0.012699614300788373
ck_5060aefcc8b6f958,0.19090129668027045
ck_643f549b4ac78a26,0.7515837344262116
ck_dba767885bd6ad69,0.08853262780299191
ck_0dda35c0c64c7073,0.9240359059151863
ck_38ea56d43afa5660,0.22071017805064652
ck_d813e15ac91f487c,0.3335915057155197
ck_4c840e5585a7b167,0.6275268181388053
ck_cb8551453a7bb929,0.020455244755123406
ck_05a00b1dd5a03359,0.06597560045617316
ck_837cc7fd48453a01,0.03795327638842784
ck_49dd816b31fba6b6,0.6249365556784898
ck_86a61d9a39768e87,0.2808865436085838
ck_cd0e76f0e7bb38cc,0.17803932358409552
ck_dbe58392635133ca,0.1921638425927494
ck_3caec7dd6f8d02c9,0.2282264674606443
ck_bfd9bfc5b6ab4a54,0.9063536216563534
ck_2103399bdb2898a6,0.11313721603795299
ck_329f7de7279e74c5,0.035954655955177675
ck_9bf0d28119fc42c8,0.7392179529589915
ck_f781539b1042dc83,0.04712947165107512
ck_9986c7d781ac6b4e,0.0627163026131351
ck_a627734880aca848,0.01858613306458453
ck_2106e509d77fdb4a,0.7585279067847134
ck_420d1a9c604293ce,0.08528871371441916
ck_fce0610c527e2b56,0.12277938659084196
ck_073da541ec3f9d3d,0.3376189198724498
ck_aa5f3ab48c17fed8,0.6805424095571752
ck_0fc1086e1c9e04b6,0.249388092990355
ck_5c33bb46c1a5945b,0.320866632867015
ck_500948a8d4bd8e13,0.08425202007348206
ck_19becd44f2c3d2b5,0.04239380292928983
ck_7d0fe77dd5ddb656,0.49954652035428304
ck_f158d9e5f101bb35,0.17399858692172884
ck_cdd7c77823c2257f,0.27486273808068273
ck_6c7b41374f9b2e55,0.1430934922384869
ck_417090dbffb1a63c,0.20256488525355076
ck_dd0e17605f970319,0.14343868994476455
ck_3646515079e6be55,0.10365696053884695
ck_89c8b06aa8c84b2d,0.37802190622334897
ck_e4d6dedd97233c07,0.20222920679449188
ck_bc82fb1895fddde5,0.028520693230759942
ck_88a8b1d442ca3686,0.2057101730719513
ck_5791f8f76a629a4f,0.30974510191441035
ck_9cf5e88e97c8c7ea,0.2746809102130096
ck_58fd684aa5a6f289,0.003808641909697422
ck_9800c21dfbd8e811,0.09046173389985092
ck_8ae64df60ab6ccda,0.1447150292849954
ck_e535fb0f0c00418d,0.48573291451905176
ck_48011996d54855ac,0.9456169546789609
ck_ac79c72a8fe3fdef,0.11908189690206261
ck_b8cc2df5192bc49b,0.38342638129007406
ck_e96a5e1f08f8a867,0.15868981916072217
ck_84df6770549e43fa,0.026917550885625384
ck_e5f7b99ba6ec5767,0.29385396699464517
ck_8347455ab53ff620,0.11500505176733528
ck_a84f2cdf695a71d6,0.1429041393126655
ck_90456160115f9ef4,0.127513351445123
ck_ebd178b3f3a9c50c,0.15497361448833194
ck_e1140be6157bacbe,0.007454174599046994
ck_744ffc11d32b96bc,0.0511466055082206
ck_e12a9f7d027e3387,0.1505462438922522
ck_cbe525da0b69f18a,0.23903449666753476
ck_aa59702537557ff1,0.058644301873421165
ck_0348cc6908f7f3af,0.01168080923890343
ck_120e995d50956bee,0.4813981800483884
ck_9fcde1ff46cbbea5,0.045761221426853134
ck_54b0b070689c50d6,0.026095602516674678
ck_966a167758fddfd4,0.3758984127731671
ck_d5194f2e92fd6427,0.06613306623562065
ck_2ee84f3fa27f2cb8,0.13059240990307677
ck_57d0a7eb7eae2eaf,0.6164712147220683
ck_6a2c4edd82e10969,0.020872035872318093
ck_96e4d38ef670eaff,0.10797149917990066
ck_52cc2fd5095b169d,0.0874219601068334
ck_4b088920f3a844c1,0.36864668863391264
ck_8f3ccbd20d59f1f4,0.014977135493027888
ck_e5e5dc431bed6f9d,0.09572614128477054
ck_e8b5bfa6838e28d1,0.09764293112173424
ck_4bfeb78b47b7c6a1,0.1445877122731451
ck_a705c61bd679496f,0.07573391339734704
ck_731869a0c39cb2fe,0.2823256117338295
ck_259eb102342057ea,0.03901453921355582
ck_47a6005fabc33551,0.024854630867526983
ck_682262b455a9edd4,0.011723597667436851
ck_e839d104854945f0,0.013508450111021275
ck_761989aa4c47d746,0.11842945356255653
ck_44211dc210139ed3,0.029245023347189283
ck_9915ceedf63a5289,0.29073999477141343
ck_da59ab47cb6284ad,0.010010676705786556
ck_e5cdbfcca2456652,0.07273988120741691
ck_13f2560c6a1ec62f,0.06678959482861166
ck_a0543e9b3abe1001,0.5040005270570475
ck_11c7a58e09e6547b,0.24930090888308346
ck_69587a134d43a4ad,0.38942339314598945
ck_28dc0de0ae291f37,0.26037403457336594
ck_298922703c5bbe05,0.2201942940936926
ck_fa5ba9ed9ed6a343,0.11415281100066065
ck_c08e64d424e56c05,0.22733119875191288
ck_598e036a28262aeb,0.17909848304479464
ck_3f7c870510083a51,0.06898306721729394
ck_364f8203a3e98d36,0.9669442121144753
ck_7333cedb61506ead,0.1980161306843482
ck_1d96d7fd65f208b2,0.10926186348109608
ck_63133a79f23e2627,0.298707905431282
ck_901d820e0b72abae,0.03109982909258199
ck_5dd80b3c01457bd8,0.3168659127609343
ck_c0b8067c144ed6c1,0.3860277139305645
ck_cebb8aa8c8f62c60,0.019209907413669527
ck_79749eca42ff1f5f,0.11149847929689212
ck_2cc1d9b587f6da31,0.4691103658341098
ck_ccc7916b56d42195,0.024454966435783352
ck_e43e53cc7b8b8e41,0.05298688869311064
ck_4ab74a6e7450416c,0.03807910676100167
ck_6e44024e9de301c6,0.016459120798226853
ck_dd78cb6ae2866cc6,0.05238073990236732
ck_c363d3b050baf3b8,0.5003689628539274
ck_2d46291975f0dd08,0.07206467956682809
ck_76ebeb5aee42f041,0.36864668863391264
ck_8395f004cf4d4c08,0.039699176647669907
ck_de7259c3741db179,0.18621419549493495
ck_3938e92585df2b34,0.2955703917285946
ck_af69bfcf4f07d932,0.15660632723683807
ck_1723900ab9afe374,0.3326965633958354
ck_3d58628d1c853c8a,0.05549103149152894
ck_12a074db100481cf,0.5263969529197836
ck_8716cbf892c50e29,0.09871094907059523
ck_fbf7351958ad9615,0.11858172957192616
ck_a50370907e6b397c,0.4648821557049447
ck_937402a60df0821c,0.019744024512319443
ck_8ce9c5807acbef48,0.30196128124558813
ck_acf7d65eaaa4c31c,0.04111387861729683
ck_ec3eb6dd0967cac5,0.23135510486592198
ck_fc832b0c90c9bdb9,0.9581725315398498
ck_8129e81cde280131,0.06235722992775263
ck_52c0ef68aa2fb8cf,0.13384303661162225
ck_06f042e9b1b662fd,0.2301305951308307
ck_0bf35dcf7b38f650,0.00824263848846867
ck_615763afc2e17a7f,0.014125817999433233
ck_e72db9d4b2fc9997,0.9421190909043569
ck_13757bf0eeb353e2,0.12176461815131005
ck_abaf371ec8249c4a,0.5267909792319853
ck_9b7167da0920c37b,0.4443778135489959
ck_2e824b0b27494a17,0.21181317148372966
ck_9a0b605e9c3220c4,0.2554713574745192
ck_a5276af466b681de,0.02079239313847792
ck_9e0383e1fb6e214d,0.6453086856697167
ck_6a27c44b691dbfac,0.04509486690831997
ck_af39767cf583905b,0.28798243894280784
ck_243b1b9fdd3f9a74,0.03496401709601327
ck_c0422e638a9c6046,0.265264575105181
ck_e0f3ea3373dfc4aa,0.2992623918863459
ck_d56ee1654378ffc7,0.18136330751400043
ck_20cd2f5666719baa,0.014281086111092937
ck_4dfa1c1e9b69fcc8,0.057489073890839786
ck_5d22e9ca1d15180b,0.9110080983669698
ck_f4a7ac178fd55f0e,0.06804690519718944
ck_fd5609bd23a1eaf8,0.07216238551090999
ck_49c3bf13dc9471ce,0.20843351737110877
ck_724085c3452d4693,0.7665945798679292
ck_e5d1462846154a75,0.09664767223589872
ck_c69ef0f3e7d6acf9,0.46513222855231035
ck_a2d0417791d4132d,0.07096592572118898
ck_00a07fc2a9183c3a,0.038350895787572364
ck_781b8288e54ba8f8,0.4146302895715243
ck_d74a62ab3804a81b,0.1858092175666593
ck_abcbde211b6267f8,0.36080183446932584
ck_16dbafc035574654,0.08387580478813818
ck_018f780215ecaf38,0.09003516940479572
ck_0b259620eac51618,0.027017385877075178
ck_4f875342394c110f,0.42898323913052866
ck_399e45e5fe9beaee,0.11626330707861737
ck_36224a2d394ebfe4,0.5536303802315562
ck_c189b551bd111332,0.013573264954888826
ck_125c5a720ecb177a,0.3070653109492042
ck_76d010aa02eb477a,0.005454274689267635
ck_1071d14c46c92379,0.8881961734213826
ck_61d244b2cde483af,0.11236671519365228
ck_2ff1860da2004c84,0.003009610508251044
ck_c5b583490198672d,0.07245868400636682
ck_1294f7af22fade11,0.29220306068001445
ck_e3a22799716df39d,0.00646018521493042
ck_c77e22834ef97005,0.8886692754931739
ck_73d3689728270a2b,0.012486191007284863
ck_295565fbf77ef885,0.024230113402371543
ck_80c0a7f54ff4895d,0.0615265798590286
ck_f1ef5cf7f10b16c8,0.7734823885638978
ck_a958b2461ffc21a2,0.379093418950173
ck_0e7899a57cd617d6,0.04442098775698959
ck_9d4fed252718f58a,0.6963185379382866
ck_83c2c34add971d76,0.029208839084742512
ck_9ccc030ba2de9fb2,0.20760079055186015
ck_cd691e3466fb3742,0.00756004511947451
ck_49df70f908dfd069,0.7261978634570764
ck_362ce13eec1e33a0,0.05435725820421399
ck_2452a30397dfc54c,0.0573542968121875
ck_a443d49c2b4863b0,0.11603939583595234
ck_c8b2e2cb349dd0ff,0.16253713022694133
ck_354909fecf5da8cf,0.09579354949435276
ck_841f598bbd54c83f,0.1923726909290045
ck_cd6fbd4e8724f994,0.2849143385180634
ck_e0b3158111370118,0.09551579503626201
ck_4c2f2eb657c2c60e,0.029373401761482974
ck_ef346071f0b7654b,0.08902536600754224
ck_f3bc10e3decefce4,0.042258310700603256
ck_189b6fbe9b9192e7,0.12888484274849463
ck_5245cbc5ff4d4fa6,0.09132779849840408
ck_cb42e3be6fe87f60,0.057569693775187974
ck_966d4d713cbc7792,0.0470721120211758
ck_1c8c969667cbaab2,0.8696282423791355
ck_d35e3aa9ef5d405e,0.7560458961445633
ck_a1c39df50a5873b3,0.3189273393151414
ck_a152165caf295b51,0.26762972193270207
ck_891eaedae139828e,0.296232800017217
ck_1a46b56f4734d52e,0.010866877525073386
ck_5e36042cfad96c99,0.5297295946601677
ck_02a8582c2603e675,0.3094274406961211
ck_6def9d0429e4ed4b,0.11647755584594173
ck_e137400825a1e3e6,0.11406894420396174
ck_d91ab840848a54fc,0.024183023521822045
ck_becb6e1c608e0078,0.015353117311525664
ck_6fd8c86ac719d7eb,0.37149092656029303
ck_3ed4d13f12fd9d0e,0.13846390380580934
ck_007337aa99a4891e,0.005607504874811397
ck_60c3d8306527a08d,0.02133334442413981
ck_95458880a54df0b1,0.8029117811158668
ck_b48cd8593533fc1d,0.8703960955135295
ck_021c6a4a7e3f1f0e,0.01581839007330087
ck_764d40f865e710af,0.15208314833345218
ck_4b84357ae8ec7777,0.06811584120483818
ck_3397c7856b4669a5,0.007802384650732594
ck_920bb003b42e6310,0.03144406531485334
ck_8f59f11b512d5b7c,0.26888816190798204
ck_a3acf4b986afa98b,0.6784853463381596
ck_e89d25ed7bdeeaea,0.04807298969432452
ck_70e6bca473bf6902,0.1977162038303681
ck_186161ce152836f5,0.135715116939288
ck_9191579254663f5d,0.07913414348513347
ck_1e6628879e9d653c,0.0729023762135689
ck_b498fa91a0776ff6,0.3623942360179506
ck_cfc2384f22954830,0.1860238934097407
ck_17673a1c2867888a,0.012046051932786545
ck_523dce06515b072d,0.32955918529639017
ck_c20638a325ead2e4,0.04626027546817238
ck_d3877e1f907cc148,0.33368527836580225
ck_e9a2495dea8675e2,0.12659095844423188
ck_7e561caa5fa1f3f1,0.4785073149186538
ck_455672e652fe1abc,0.9812308336406507
ck_7f8f864fcc90ca82,0.2944330016106455
ck_1ad36046aaeb816c,0.16722831887076448
ck_de056e37c82e8e00,0.17762239216080408
ck_7484c214c889fe7f,0.3804606884085881
ck_32430e678c4f9f53,0.019302555666186043
ck_6276ece8f80ea799,0.05713284736466969
ck_ae8e5dc4b725bc25,0.4151153787460491
ck_f01be92dc78a2dc7,0.16749261171301938
ck_233397a8bd40d38d,0.04215650718019342
ck_f8124911450fdf31,0.9517971460957166
ck_aa0a3179f1111674,0.05171594108144937
ck_2366b29ed9887a5e,0.016457437040890123
ck_1f22f04dfc08cf27,0.047974857675206505
ck_b62276c3426d680c,0.24511355746438102
ck_d099fca88691f66f,0.46580500637054667
ck_166bd1dcbaf4d6fa,0.007728652984995538
ck_7b1660e942436e12,0.27890317685156424
ck_4a9a791a1d409a3d,0.14785280559388617
ck_b003e5b54df65db4,0.13490154314961886
ck_64b4dcbf436f0b75,0.06858544186707052
ck_26e9a7bb2061a58e,0.2245350126071317
ck_08b77ad5f8f73007,0.49242638921056314
ck_366616a725afc6bd,0.17113770799948397
ck_934fb5064b6eefe2,0.02469102414624223
ck_c6abd5d57b1009d2,0.022045014236583116
ck_edcfa9e1cf29d813,0.11112332020782412
ck_c30201ebd003fdc7,0.32983651820529725
ck_c54643d94d3ce355,0.1259069106530393
ck_02adda6e91e49650,0.30899790342355776
ck_5b73d7c5255e58a3,0.45131622068042904
ck_129ffae92dc01408,0.003962263925450875
ck_fa321945ebedb916,0.3366421906574177
ck_8da980cb2e1e2bfb,0.08346802038854126
ck_0576b00d728bdf19,0.339580979698357
ck_c543d82e22b3c8a5,0.011554666663125681
ck_0027ba644f9ae2cd,0.6286694085687718
ck_8dbf61df902a6bbc,0.005605568820363734
ck_90eeca1cda79fd41,0.021014390362791235
ck_86d7127391d4e01f,0.021330948506404636
ck_73762038c7ff2f6f,0.030301177480020387
ck_a1484e6215fac651,0.8483026098550209
ck_cb83b9f806e90dc6,0.6272775887927714
ck_8c6f059c95872126,0.032954249872137735
ck_3174419a81e7caf2,0.04341778575109894
ck_6a0f8f8fa4a3c2bc,0.4760952008803266
ck_b5777605668bfca1,0.016164689612977227
ck_27e4de495abb4d15,0.01843727821691187
ck_7f6fa79c7a107161,0.1013947955615
ck_c36ed9f8e6792ea4,0.25892057776308536
ck_67a1aa88d2ea554a,0.3798397877794608
ck_09748dfe4df3d540,0.0075892618285951716
ck_27fd85b1e38b675a,0.060217568528994736
ck_2369689bd795ee10,0.08932349218001387
ck_4eb1c12f7d092bac,0.05220708396736997
ck_01fbafc42c8e33f5,0.07995713438655362
ck_93c4e05699b3b7d0,0.2356761774832398
ck_afc484d1b6907983,0.11332718143063655
ck_1b2d9cae92a1aab1,0.2133738808878748
ck_73b729cb161487f2,0.1451804505090553
ck_fe3c1d0ac090d960,0.40022564642988284
ck_408efac1d3885ff8,0.2182777539321868
ck_ccb4dd9d0a48a76e,0.06638763158421543
ck_2987eab34ca7805d,0.31262709284000395
ck_1dbf1f15193197db,0.41609916283943943
ck_4ed711fe4053e74d,0.7192729163895492
ck_6c54adce174f45f4,0.015987872220447095
ck_a6c740041faf0bd5,0.031957190547402634
ck_b05c4d33c4f43639,0.5342337766663127
ck_032880f1114dd51c,0.25200995225900474
ck_22311b037456a76e,0.007519324143407539
ck_5866b413549765bf,0.04101945040509823
ck_0e808afe2570ecac,0.3456489460983093
ck_634276b05f4381f8,0.2359033815871787
ck_5d8773badd0d4740,0.24394907565653856
ck_82b5b79ce3517102,0.9251077468489571
ck_b378b8d8100ee4b1,0.10164121291881523
ck_54e581f71be5430d,0.00916382455088833
ck_798ba4b8aa544fea,0.021331173572328162
ck_3fe86b6331ff95e3,0.5383877797447231
ck_81275d9d4c559e6f,0.10084689323601997
ck_99a4e5ef02d89493,0.5968484970479617
ck_54e2eb018d947790,0.04778151053936183
ck_966901ea9c77cc02,0.18305192627349656
ck_27d69ff4e0cb428c,0.38554468758763216
ck_2cee2dd7bbfc09a0,0.9869947751938342
ck_4136b00924695ab4,0.016134446466763156
ck_59a164c40c03a45f,0.04963977207140804
ck_3e24b026bc66789b,0.030108679678096256
ck_8105bcf69a75ee47,0.17735660805108006
ck_7a1782cefe26a456,0.2525501469561332
ck_970c7dc195161272,0.01587418721129339
ck_a48ec0c00ae20e82,0.37365352738785806
ck_54b374ade34e1dc1,0.1473292940980567
ck_74e5dec189761d14,0.03438884416760483
ck_4717f24f2c6f40e1,0.2453963242204285
ck_fc8cd8a8209e802d,0.4122438256448858
ck_71db4131d7efe218,0.03647087026647849
ck_45424ea6f0bc4650,0.3655379336068945
ck_3716c6181a5035bc,0.5044566010923045
ck_26de14b96bdad4f6,0.20022805208814978
ck_99c0a41ac9c73857,0.012728191934277761
ck_645f15bbbcff3b4f,0.992642231475105
ck_b7e25ddd41514d4c,0.009371177612689111
ck_d5c14e877ca7b755,0.010318813660521607
ck_05ea4440dac6cfad,0.13833032416834623
ck_c58bafff7b1955cc,0.19352555541802313
ck_f0cf85b67a9b840f,0.25654079952367964
ck_ce1500a7f0d03fba,0.08933752010199174
ck_d4972a775aadbbc8,0.07379749034652015
ck_3eb6146c262e0fc3,0.01756648848385337
ck_afb23858a4ef42ed,0.9797791701702583
ck_2c1def5c91c52a5b,0.22085436491827834
ck_72e550559487b919,0.04441800568884307
ck_0284dc2b4f856b3a,0.7429260793750543
ck_03be334935e999a2,0.045849817571682
ck_e35a4b4a3cb4cedf,0.19042348325756359
ck_5abe57dfff4b735c,0.11923209941357008
ck_f5f87f772388efa0,0.2899572624704476
ck_5a22cb36d612236e,0.017708454364549542
ck_8ff1e6028e764472,0.5541925400309569
ck_2ab28149b0986642,0.352190446328352
ck_c88fc1bac79fa6d3,0.5930992519437248
ck_5b137d74bba6b1b4,0.01050125323594854
ck_11f362dca2dfaf5a,0.29658589635025956
ck_7f960541e5174565,0.03274130341700236
ck_d5458ba39ae94498,0.07749120499052721
ck_0a921a73a90c2e39,0.2456617171726051
ck_6ad56ef40086dbe4,0.15790724451206928
ck_b68199ecccf2350c,0.012364480739303815
ck_6dac66c8198c07d8,0.05820189067250102
ck_9b9ce7bebc235fe8,0.015041930583697757
ck_6b817117d87063a8,0.3078495504289252
ck_900d62b3184378c7,0.040839233372108485
ck_eafe9b89857149b5,0.24286515046661153
ck_e74716a525ee5b24,0.009653385148488958
ck_4e9a6f06ab134102,0.058478256532708266
ck_b0d33b5a3716661d,0.07897002410761342
ck_8703543bf3134306,0.09942443688048853
ck_923d6a0f83accef1,0.22183414432375742
ck_52e37e2170532e2a,0.4976407522514821
ck_c1c5ea839c58958a,0.4370461965851052
ck_660f0006780e87e7,0.06054557125133823
ck_830b2c5d1818ac07,0.20545901721347587
ck_b080ff636932d1f1,0.01945942996477115
ck_38730aace405f2ae,0.9867303260464372
ck_9790138467a06223,0.00893594411842487
ck_10de0b0d86b17839,0.02378307769493169
ck_c3e37a4d3382c32e,0.02385314177177097
ck_dd8edfefa1eba531,0.0092772948057199
ck_8153cdadd300d234,0.019305407744321875
ck_74d0e7c2c6b63d36,0.9707071148023191
ck_c478aae3031bb328,0.017280803532123558
ck_cf301f2194975866,0.1552895358089564
ck_f4de03f44e3a5bd5,0.03258906822689983
ck_b06ce826e593b210,0.5010422465266787
ck_2fc70b6baf6a0e26,0.06013184989584719
ck_d208494cf5c90047,0.24491579973403085
ck_086d29ccae565e5d,0.005326694059420372
ck_d5ef6dc116dee408,0.08459803419970284
ck_fdf0c5b722d83464,0.05722258948619668
ck_de8494b13adeffb5,0.01337327683419106
ck_556786868599143b,0.16687064175101932
ck_4940e78cbdcfecf3,0.1908894586831217
ck_d32fbbfe32c00416,0.19429132222412768
ck_bc7710f7e9fae649,0.0694326297041093
ck_416f7ac57da081a3,0.11599253150219067
ck_6fb39b60c67d5475,0.02629175332475268
ck_e40a156511345d6a,0.015194679537456311
ck_49ab879b5aa7fccd,0.5262553665273819
ck_bb643194d1cbc47c,0.9846873615711299
ck_b3ce8f1bcedfa043,0.1194928691352542
ck_558ebde8c29132a4,0.1865716419795096
ck_e6222925762273b8,0.3554103494527973
ck_bd80546b4807dd59,0.046369225623419344
ck_bd21164bd2bbb635,0.34379672156956104
ck_ea835557d7043667,0.061327620975763227
ck_1411a80a157ff39c,0.2134926361412425
ck_ab973888c20c9120,0.5262643009774627
ck_95b48972061abe82,0.12385448606703647
ck_fc4a43f8876bf10f,0.8365043844080013
ck_f34fb7ccf82f41e5,0.130152624381311
ck_5af9934a56801ac0,0.10584229569918811
ck_fc7445ec76389a58,0.7209082893542087
ck_1eeacc26f02fbba4,0.4788589928918544
ck_4f325dd15c9bd45c,0.7412770564186051
ck_5009a6c8bbaf15ba,0.6711391111294978
ck_0f3de7f074bb33af,0.03665005458402051
ck_2cbc2f93a32eede8,0.15205482420324198
ck_4bb90a61c21a303b,0.020559617658502432
ck_3ade9eac7d7b0dbf,0.27868303037927095
ck_4859a58629622915,0.21184883781770453
ck_5fed957287ebca03,0.0051861604373132295
ck_ec01ae5351500355,0.01389747525933405
ck_703b41624ae6a5b6,0.017936888278950958
ck_97c38e7f61c27e47,0.07956456691086283
ck_db2c0908150cb2cc,0.28329928300348495
ck_64ac5e6fed86ab60,0.8119612719059073
ck_da1c853b0a061e83,0.27395388805498283
ck_9a36916b60178ded,0.9703591816314422
ck_3715bfa7fed2c675,0.031183591774143524
ck_dd3feb77d7d4f6d3,0.0651991413884415
ck_982ebb24174a4ade,0.10598595684182077
ck_f6b7a10d47dd9a1f,0.07826471164476789
ck_1f56fe99f250cdf4,0.4425310631324829
ck_deb3ac0606d6f6db,0.10258979285334106
ck_e666629e5a41b39b,0.16628048713497687
ck_756d2c13d02b3e09,0.044909957415117614
ck_7bc752ae7cf5d55f,0.059688908334056254
ck_fc0cc4b25e6a8194,0.1781975379078771
ck_9b2b0e286de78a1b,0.2678859920698691
ck_24b0803447211bf3,0.07179091154840622
ck_82eed68d05a42128,0.18104946179698367
ck_c8a03c516ed5b05c,0.41588792059141216
ck_e914974cee1bccb1,0.03362793176894641
ck_0c533ff2d0f9962a,0.13443047190059845
ck_c12805fa5d970a83,0.26331370542138577
ck_fc2cb29918631f10,0.4039766256359402
ck_c20e89afe575549b,0.030190089029790878
ck_e1ff9e31becc27ae,0.5002662512832717
ck_18116d0ac08f1996,0.9657406224652344
ck_885a83975cea5e64,0.004028643720863885
ck_a0c3059a959ba5d1,0.30699538851919267
ck_75257ca7d7da2861,0.35976198441015494
ck_2210f7a0d13bdbef,0.28629525794561445
ck_9cbd9ecf8374f65f,0.11577571850724416
ck_18f67c00ba21fbde,0.0621600282450406
ck_2d28f14d3973d8fb,0.0035446627029047323
ck_8b3401b44aaae728,0.019025304901311695
ck_9d8e9ef37797d3af,0.9040071087307272
ck_9f50920c894f64e1,0.15508433992322745
ck_4737e0d56c6fa0a1,0.21195649314354986
ck_52c311f29ca3aca9,0.013447263636234948
ck_6a4981bc721df37a,0.20409002623511036
ck_823539d936c55fc6,0.026850387606535908
ck_df5aedb4118020bf,0.9719464149702767
ck_a911a066ff0f7b56,0.3466265796364776
ck_684609767df4a14b,0.6569404256434787
ck_f2350bf355dc919e,0.06267008312117746
ck_8452b6cf97c65a5e,0.11420412649479231
ck_084cd84501012218,0.9223757913869868
ck_ace6b72e5bf3e93b,0.8216154498334927
ck_2afdd69094c955c5,0.5746234730175639
ck_fa7d5be26bf7b31c,0.5825529776115305
ck_4b041217690fca2f,0.536698415205624
ck_9fb8e3d38cdf276d,0.9117387827239205
ck_c1ee56d65a42f59f,0.1395982728658401
ck_fdeaa1cd085691f0,0.11622074919948557
ck_5de33a7a87e9aa62,0.3413465296451359
ck_7476e7fe1ff45545,0.2746719822686406
ck_b0a947b498e47018,0.31992571078210974
ck_e3894ed88a7977e4,0.024862611050814595
ck_c7e07ebfb0bc15f6,0.2748918618574725
ck_3a3daa8b376f2a18,0.00529715854159348
ck_87809324c2675b0a,0.08353427540051186
ck_7eb4f33260f1dcd4,0.11669444405859625
ck_ab9f0e08af030060,0.2533844890497443
ck_5b8fc4a76f340797,0.19725846635549837
ck_0e7bf10ef49aa818,0.535604936014314
ck_a44462a3853ac67e,0.9923118506853615
ck_2d14bcd2e0fc043d,0.028183680324386718
ck_df1f2dba802296be,0.9191870776576352
ck_466a7316eaf149b1,0.08063841737004203
ck_50df50af592b0c06,0.2206830048188688
ck_5f9e34c849704b95,0.015843889285280226
ck_7836bf6def26aa87,0.15553554678490758
ck_ba175b1bd8efaabf,0.0743257414060357
ck_1a0aac7f7b94b1be,0.4972373535240213
ck_6768c4b2aa8ce586,0.07156745856758931
ck_eefcf0ed15897898,0.037412402746668384
ck_7a6cb27e390b6ceb,0.084705248655072
ck_5275be4e1577c1c7,0.016459242523143118
ck_6bc0e5b8c0b7d2bd,0.6295451635819516
ck_4874bdec79f9106c,0.25305601250872434
ck_a678731156ad7bd2,0.7350765086600887
ck_db906debc36a5d1e,0.4451415235270288
ck_e87897767c612942,0.18293443499629664
ck_45ed5ee496ef8a67,0.10456971538589242
ck_ae20e28f9854f3ee,0.43468497630463115
ck_9ee044b73943a90b,0.22512516856700834
ck_dab34cf6f0626c9b,0.18525039098375093
ck_64a02b7b96149810,0.043975976343630145
ck_c417d06f3e94685d,0.042394996533765675
ck_3e0149cdee4cb294,0.37385624690789077
ck_0e6046fc30f81705,0.2465650787230957
ck_c383aeabd53e9c89,0.23431148262115842
ck_2ef76f1f36e8b869,0.31458726029880973
ck_43948784650bb9ac,0.14487175125872087
ck_bdb966f43ac350ee,0.14736481831282994
ck_5bea0e0ee0b094cd,0.0746186539126844
ck_dff090f03ca5529e,0.02860038943709371
ck_a4691b57f837d88e,0.23048107984200605
ck_99ee90946395d74d,0.8359533950263458
ck_cc81dbc83a8879fd,0.1944196137368451
ck_f3dc0725621b3a35,0.0075996414991954895
ck_1bb212d1288b9689,0.11102743479233577
ck_9e7278fc7679f002,0.2670051613939308
ck_3ded7a8720d7e311,0.15098439519506443
ck_798157bcdb9453e1,0.03527667735184278
ck_9fba80f56f357fe1,0.1173394524721099
ck_f1e1c8491f16f912,0.037290437035143044
ck_7b1319a5ca2f63c6,0.9866033369730777
ck_124432fd5c92af7e,0.9637974870551814
ck_148cb0c723284dc0,0.16441193499014145
ck_b56c62c950eda009,0.013510951960828042
ck_a0498755cd8d7188,0.002811993866803341
ck_5379452a9d74efae,0.004318408883759244
ck_6c2453229d608183,0.1387486146942496
ck_f9d8b4813a88c1e6,0.0787617202964914
ck_c2c7d1e45a521857,0.1935062208806597
ck_4364a83a11743888,0.033087240536080684
ck_2cdf5fd97ba75e06,0.6406127689969655
ck_71bc01291e0533a0,0.18116011635301274
ck_a725d7aed2a0bdc2,0.045083450187861196
ck_a9b0c4dbd7db6a91,0.423779884840858
ck_a4258806a533efa9,0.09394591142498906
ck_905e460591d9a278,0.8125461715752057
ck_20de8abfd8960ee3,0.24390633661918457
ck_252b0a0f1119b220,0.007741078186684804
ck_95e4bef65c36af1a,0.030883386356780514
ck_5ab68b434ad53fea,0.08148912649027512
ck_13677a1957078827,0.021321243983862672
ck_d251e9fa09e542dd,0.9849590479623124
ck_700cb620f300dd47,0.12021855071398918
ck_39a68c55a1bd3ace,0.7985390364316989
ck_61a59a7944d6c53e,0.6690048238949294
ck_db6d1c6d31da967a,0.033920566617604724
ck_650020c500b1b50d,0.07617123653946337
ck_d812eb6930192793,0.050689290427586256
ck_92f6ebc11ebca89b,0.5833206244576888
ck_d87e26eb5bc84b01,0.030060660171294707
ck_66439e697695224c,0.03608601282911679
ck_f21efd504faa654c,0.0425338960761391
ck_15eed0f5652f0352,0.10087649283259052
ck_bcdbf57d98dc0d27,0.17055519023309185
ck_873ceb8004d3a9f7,0.5724034689864361
ck_70bef9ddd4bab005,0.088364313094273
ck_7560f1891d66f294,0.028490552727119617
ck_f439f16f8693883f,0.18337691163156183
ck_14f9535e53f9c7a6,0.025795783378495984
ck_5984be472d2bc267,0.5812271095882593
ck_ed01be7504dc4187,0.26201863737584347
ck_dc3d8b5c17b67ae9,0.20820333103352245
ck_9dc23031b6b494af,0.36864668863391264
ck_fbdac0221bc03f66,0.1360175311677069
ck_863708a99b92ef0d,0.5447550789714372
ck_22b52654776a1ea8,0.9094599787807218
ck_a0714f98001efa0c,0.10935908811763717
ck_9c56114f84e9a541,0.06881640456126453
ck_e155cf506b2fb699,0.09354308248409691
ck_65ed7e72f24731e7,0.0285547843347153
ck_822d6e8e43befc72,0.497866654116642
ck_b1182471d9ac6b26,0.040060868967439676
ck_821446adc95e6da5,0.08582842951644151
ck_ff182f033134dbb8,0.5304678319109662
ck_9c5feef7647b0588,0.04500099442215183
ck_df935d8bdd44883e,0.06967464143871582
ck_01eb24c18ad11fca,0.378015586072098
ck_00d6730134a1eb51,0.09166912966249212
ck_79ba8e85678d0224,0.049107579911210175
ck_97e3b04a1350f6e4,0.2208967196234632
ck_74e9747954a46eaa,0.04301281193991714
ck_397d5fcc9972f909,0.3466265796364776
ck_9ede89e8a43c3f53,0.542724123167971
ck_303b33910d67f306,0.07340758459877085
ck_3c17841636f6f7dc,0.16742350814077497
ck_78730527f8ba1438,0.8430715869550962
ck_5ee32bc6bb5d1d4c,0.38324699747702917
ck_a13fee8cd925d0dc,0.15764136271406026
ck_6f847263379f2e43,0.09724097312579978
ck_9b9d9e579e7b55b2,0.1796226116238926
ck_87c1d0a79e79c84b,0.22922121865793865
ck_bfc453eabb472f91,0.04524925592341117
ck_978c21bb5fe3171e,0.21781958205894958
ck_dd882323474431d4,0.46965606916394864
ck_533c4f7400d5ab22,0.7119458123895602
ck_5f217bfe28954e75,0.9928238950917835
ck_ae96d35465b3b4bd,0.1436545878464165
ck_512ebe97c0af94dd,0.3308677366321856
ck_f558fe02bb0219b8,0.1541960165121741
ck_84092e23d5ef4d51,0.33748106215152107
ck_17d3022ca12eacd7,0.16034550174943035
ck_8a8f81bf3558fd9c,0.02362853005799324
ck_0ada6fed1864e7c4,0.24455668843666065
ck_21fe7bc59dcd78fb,0.03641576783526685
ck_e136e20c1c74fe38,0.06587563562470398
ck_e7a530e09d113dd7,0.7153277866675026
ck_7cb0c9ded4d63027,0.20834309737688952
ck_102db9615e722c9e,0.49611942079305227
ck_129e39ddfde92eeb,0.019302398495900697
ck_d730ff21bfd7769d,0.29078589896732016
ck_54459b45d2be8459,0.031052232612849243
ck_7f1c20319eb60aa6,0.9878947894804966
ck_939fede90473e412,0.05230948674711171
ck_e0f9506a6d5f4a1a,0.04875872332070712
ck_9a4967cdf49265cd,0.6408147058214784
ck_b9eaf03453ac7d5f,0.1440119548898787
ck_522477be6376b450,0.03319033987258324
ck_9b6282e3bad50710,0.17125378029599803
ck_a0e3a2facd508e49,0.4895856520228563
ck_97ffae702f7c3d08,0.0242725513139415
ck_344a95cb7115ec67,0.05373353812176993
ck_1f2760764afa45e8,0.02971924405051399
ck_720cd658d11ea428,0.09699109947235009
ck_04e32ee9834c088d,0.8881098802420299
ck_2bb1389e5e72c8f4,0.11387222085383923
ck_961e7dbc217cfbbc,0.03155894874118263
ck_f3bce4eccfa6d6bb,0.08582370136099618
ck_e0ccfa0d689339be,0.14205551756097407
ck_98217aeafa0bfefd,0.3466265796364776
ck_a02aeec1914c158a,0.1237796686560367
ck_20a17e8f206a14c8,0.46522791409891445
ck_114c32aad4b6183f,0.5541135274757663
ck_79f5198f0decef20,0.024870509052798806
ck_2209de229b4c71c5,0.08998432447522287
ck_6ee939b7f396975f,0.07435938840458704
ck_202f0c14b07ace01,0.292481806393495
ck_fa24db9d416ab904,0.17997847163003342
ck_cf6aa24b92c4d33c,0.5642422627094259
ck_45f57fb8194cefc8,0.05134782145018657
ck_d5eb179dc45394c6,0.24076135805074564
ck_efb24be983342f75,0.07391857424001383
ck_245f5d62ead5ef28,0.2069751370113258
ck_15fe2a47fa7e92ea,0.015671656794536314
ck_b6527a85fd682554,0.04998716777620621
ck_11f9390a11ce9ff5,0.120405050307192
ck_ffb4d892c5158201,0.0060662471538608705
ck_d4c1da5a1427fd6a,0.3422178609220149
ck_2c041b1efb1c5063,0.08237805013809683
ck_ecc18f40b33be769,0.6821561918294936
ck_0525349f3945375b,0.2969776018023764
ck_0bfe62e0c7eab9c9,0.27922054235174787
ck_b7c37d410b1646c2,0.11620289191001129
ck_4b15b0746318cf42,0.5995441132699706
ck_e5ee006ecd8ff661,0.14304295485709864
ck_ccc83cf66365357b,0.2317488710682895
ck_34a33ffe8339f66d,0.8555436550009514
ck_4e39e3b165edab58,0.8435736608212893
ck_1a71f8081ae00190,0.8897638088181293
ck_ed8f1200fc049c40,0.9761324554951528
ck_8a5a57858e8c77f3,0.6020077528929353
ck_fff9fdc2adf5100b,0.9418373782688179
ck_c76f1bf40f3b787b,0.02028668610212668
ck_1a6ddfeef82b1b1a,0.06071503435166528
ck_478d2667aa9896d9,0.018615462150786688
ck_641c8e7694b21f3b,0.049826326980875704
ck_293581d879f6663b,0.9739763077340788
ck_1bfa8abdb22be8f0,0.1247799652081551
ck_05ab5b03d0bf9ce4,0.8791496424075627
ck_35694db37f0cde7a,0.01572656710715507
ck_fe33eb743d714c03,0.15195746459271323
ck_abd10fbcbaf2b038,0.046187995041012446
ck_46d51648c1bf80e5,0.6417073264125087
ck_5c8390017fabfaef,0.0818361819627207
ck_87d55ca333f22072,0.008992232620162134
ck_c39c6a1453e2b92c,0.002875779431126427
ck_69ff1b0aa143a168,0.018165189281284556
ck_e57c79eaab35ded7,0.04367413417133676
ck_463ae759e2b6ad1d,0.19630541400537546
ck_0dae4a7eb587f3ba,0.1866241473909746
ck_9b12fb56529ebc4e,0.05579997153379853
ck_1af547077ba2dd03,0.31438572168242257
ck_de13de941bebc7cf,0.044008678289657994
ck_83dde7da2bf647ac,0.011410862878795162
ck_c80a94d4660041fe,0.6484217071943889
ck_f39cfeb277ef6528,0.022138014615199045
ck_1cec1ed1512a2d3d,0.009510661075608828
ck_7955a359b6448799,0.017014981354617025
ck_8c0955dad13c3ca1,0.03231323535777854
ck_6d4cd2de601a2308,0.1584037966903364
ck_f4536ba8dd2d551d,0.15742787957884788
ck_b379c198d6db2d62,0.24863057694382654
ck_76ea90ebc74bcdc7,0.07594989775883547
ck_734f06bd4aa92781,0.405890892420319
ck_677e1d0c14cbf569,0.013901920760527701
ck_259271c70f3fbcbe,0.3029469942021156
ck_c0b744eb9e7d4eb7,0.15322228191829207
ck_3d41faeb96802f68,0.042512817445043614
ck_8f604fa70fc3c8e3,0.4179071893642966
ck_0b3c3bea0e0ed339,0.19758522955367955
ck_be5df076b8a86409,0.03701719102581212
ck_6a475fe324d7d790,0.2521900080920002
ck_3ba3fa5387bacee8,0.012762885175961459
ck_324b9939d9c1c31e,0.052520514119216606
ck_a7fcf7b592f68ca1,0.29774893390350415
ck_5b2728f7cca414ae,0.018674131985128482
ck_5f4a25ffd0b85a47,0.2754094519469779
ck_63d4f5076fe4406e,0.030988063190079265
ck_af528d66c86f0cb8,0.06452074241713306
ck_ac7cdb9b8da7b5dd,0.17698142422364216
ck_3bece63711407e25,0.12997223847783654
ck_d4e0b2a12fcfc35e,0.0071376503957369586
ck_ee3e7c9d3a9c74b4,0.3162808112837042
ck_50d7c4dab837bf66,0.05416761580521033
ck_ebcb93a2990fc914,0.36638287790108
ck_2329cc9702cdf7a0,0.22574209743903076
ck_db1fa53d588bf99e,0.17725210665154173
ck_44e57a0bad5a0745,0.13884893334207873
ck_472c81a144f4631b,0.009045940669001655
ck_1658429acd5306ba,0.07164574629082268
ck_466103ec5bd9444b,0.06211018498789218
ck_9757163e25262b74,0.07661720429736633
ck_34ed59bc2c9b0186,0.07140763247029956
ck_b7bd3a7f263f4f29,0.42536030561636456
ck_149662b09d632e41,0.22446497495648712
ck_a9ffd6b3957bd41e,0.03150826443567219
ck_ab80466ef615e85c,0.008051339743661757
ck_f2c824d3473db24c,0.10478670498520057
ck_a4a01fd45936b078,0.06054945429675973
ck_8f6ce158c2902877,0.009545286104655564
ck_5189a302cfa7cefd,0.005633521232997425
ck_430a3d03be588201,0.048596264767286894
ck_b5f9dd00914b4db4,0.019068575895147266
ck_52dec82e9cf6135a,0.037731671839050906
ck_95e444a01e2ab4a5,0.19025900646658508
ck_e37cee7b123692af,0.10210576863611887
ck_d68d42858a55adff,0.474554490392494
ck_3abfc010091d679d,0.3870006445351949
ck_cee4e4e1b62bf82f,0.1127549570351458
ck_9ccb17c35e636c5e,0.07881599885216421
ck_f72a5a3b0d6c1177,0.010442403397328236
ck_7508aa554fae6afb,0.49760780448072406
ck_003aa842b7ca1d77,0.8858642015914231
ck_83b2b192f41ee2bc,0.5204684096515957
ck_64796b6b2c3c7f06,0.4013669878615365
ck_6438ae81d43cb196,0.19964266375036338
ck_2bd73d9098504760,0.5921262446944437
ck_aa8b9b36a099e4c8,0.2207689805198149
ck_e5ece47d0dd10526,0.2885825072927864
ck_16077ac345472e6a,0.026568078426029908
ck_a4d6e152b0076964,0.07676103273068091
ck_d90b1d03ae151f62,0.32861901814340205
ck_18b36d342b530af4,0.2659575329639885
ck_2a01e610348b84f8,0.28460759623468496
ck_0a93ed76bf36c8b6,0.20454696727142435
ck_3d56b477fe2370b6,0.4576687437937291
ck_17ab3068fa303682,0.005307809588905703
ck_592a3520d841d11b,0.2538139898464241
ck_84d07028b5fca2f6,0.13532683565118112
ck_f4a2bb10afa85743,0.054549166416718954
ck_4fe4b072f03f2c1e,0.06413424411788696
ck_9ad08fcc183ea1e7,0.01967777781454613
ck_130d3848b9dcdb05,0.11941105389613393
ck_bb399ed6bf28c230,0.43602533684255457
ck_a31a64a39a2c4941,0.05059310392181682
ck_c49f25dfb39909cf,0.1741265923201148
ck_55f50a9ae2db8ff7,0.09650940026499404
ck_09faa4e771cf876b,0.026595194415259763
ck_df520a7a6e405889,0.1280668892280364
ck_8c8c98cc694ac900,0.31071908125898895
ck_7f0c4f609673ef62,0.08790556786990172
ck_f51fe59cd445d2cb,0.184343623909107
ck_b3fb83f0d772a831,0.232559132597604
ck_d6e7e257751c299b,0.01200386351218733
ck_0d362ddb4a1cb6d4,0.11726890515456664
ck_a574a08edaf81781,0.038968212332569245
ck_a823f5bcb0e4b9df,0.019244454039256422
ck_f792586ad0381eac,0.14575118447935698
ck_54bfd70022c66983,0.13122458060265516
ck_fe0a9372c9372de9,0.04406531557795403
ck_5691cd6fdb6d8147,0.035907776983298896
ck_a95f212a02433d23,0.06256869470255583
ck_f5adad75e1c06731,0.2984638677775196
ck_e09c97520eb0533c,0.02129701062698309
ck_a1e13c0d58560340,0.014582953706148089
ck_cacc2ca410cbe80b,0.05383389236672117
ck_c0dde2a6ef1e08c5,0.005010424288145156
ck_a04403073c90ce38,0.00710144474583818
ck_03d3026107175dae,0.20875373819803256
ck_50176dae5b1b716d,0.06415502876237461
ck_6c084bfcb38e96c3,0.3418774226235831
ck_36d2be9012f7909e,0.17419014602147953
ck_958acf84c6137a22,0.13128480684748003
ck_114722e12db90a73,0.059931743465400054
ck_203c2a22c0c165ac,0.18074226256586612
ck_2c44ca550e5cfa82,0.10026160984364095
ck_df0a8f20ab8f14f4,0.08225092897108918
ck_826a27ff7555192e,0.08094581849599679
ck_09a988ebcf062297,0.4038117785140138
ck_5c82444b3b9160ae,0.23932218831890842
ck_f6a4a7ed27fe76fc,0.6206884871002807
ck_17de46314b5c6a92,0.27569727242347286
ck_335e63101b1e6c4c,0.6643545925671844
ck_c5eefc0697451de9,0.28928876153500105
ck_49a0efb5d4067b6f,0.5248750821611491
ck_c1f4509c8f5dac5c,0.05507305595332552
ck_57658eda1c59bc52,0.03791904706654612
ck_0d5c0736ec76385a,0.014192964322135225
ck_e0239e6ae30795a7,0.21619898196159987
ck_e4459115cd8e5e4f,0.0907989209366399
ck_bb4aec09d4968dda,0.38684747581417694
ck_a1b4c96faed3e0db,0.3396499389704482
ck_8247b79ac67aae7d,0.31328620506953586
ck_fe2fc7d6e5d83f09,0.13307580688923715
ck_f6aea576cde8d592,0.021241354710290282
ck_b7e7f7d0cd886412,0.10970507432174921
ck_ca7b993e8286af7f,0.5317555868073961
ck_47de038381a9cd65,0.28695635787868057
ck_d38f941d09eec820,0.622793658633653
ck_d9ba2a6c0d926b4d,0.037302872173404264
ck_cda72f597330d0f3,0.0183462245285742
ck_16d2d27fadeeacf7,0.046487389849615354
ck_be05447853d423a9,0.013896848645609984
ck_cd92852d7376a4a8,0.00432090053953077
ck_2faf7ecccc9fec58,0.012673105900155576
ck_db8733fd92f20cd7,0.13360009223274016
ck_a9989a3a94c26634,0.13948518236737145
ck_957fb25437c75e41,0.2890139169340356
ck_e6a6caf6e7de17c2,0.052141787143685274
ck_f7bc569b37e8bdda,0.16013533169224575
ck_703b375dd86a6124,0.22801108137240594
ck_d3cfb3603f2c6ca3,0.24850803637408939
ck_07cb2b6f2a4303e1,0.20240015350084192
ck_31631e2028d4f855,0.20405222473899365
ck_1631bab0ba1256db,0.08857038225196646
ck_5fdafeaec036f016,0.24983399945549564
ck_6eda4c36aecad602,0.021469742587246946
ck_bd1bf9e3e29de281,0.37832417993176276
ck_bf378ea558a4125f,0.8187885315888017
ck_7aa2deeda0e57412,0.9909931204472298
ck_d229cf7f5a3f38ca,0.1907443286758745
ck_9e109edd124492a5,0.013351264529412703
ck_779491819995625d,0.9250605436327877
ck_b89c6fa2ad0a12f5,0.19667277401674377
ck_1d01b4a609918c4e,0.9729534709551764
ck_714c5d7cb17bc9f2,0.0444987563837432
ck_269f1746f2609ed4,0.123113986117184
ck_4be03a2aa62b93c7,0.01202878035215922
ck_cf920313f6dd28fa,0.24708778453068847
ck_fb00aae4e17740c5,0.017756751523020087
ck_085d8c42739e2b10,0.9948800735122061
ck_c72a7d0d03cf3e17,0.5680767604131769
ck_8f6ca5d3b17eac6e,0.035892545030327946
ck_d9573100bbff4014,0.7093756371686916
ck_79d6793d1d0cf43c,0.0057676711130059235
ck_91fa5032f7aff0f1,0.18167392978312694
ck_87110d84872c0fed,0.5186818508353744
ck_8220da627e9992a5,0.09473555922194037
ck_2ae44938847f3852,0.4311707572246258
ck_b0f191e44f9b6f35,0.28976450337015247
ck_3049d744b527f4d0,0.1492970751870008
ck_47d3e8d1dd3fbcef,0.3138948000771636
ck_ddf787359d2b5deb,0.011965598613608441
ck_b27a9e39726b26d9,0.05432328896009817
ck_80c4e9274cf976b6,0.9798715669097652
ck_c6afa913168ce8fa,0.10522504940999053
ck_52427b3f8478db19,0.36135056433017393
ck_3b810f15ca0eaa55,0.15163467756294824
ck_0c9e420f97baaa06,0.9697344911307855
ck_f8540cf3a8b2f8c9,0.36864668863391264
ck_1402d24dd623df72,0.2435502103534476
ck_eb4f4267e24d042c,0.04623866538711179
ck_6f661b428d6fb8e4,0.18376696295223444
ck_519a26ecf3d29c90,0.0135119683272195
ck_e886ba71d4a6fd73,0.09534638596855073
ck_437f9ecd2016a1a8,0.03146037461139182
ck_f01af1b0c977cc06,0.11325563500637749
ck_614f777c2eb5d537,0.04768940512630909
ck_b804e784cde9af8b,0.06289487678248876
ck_c2dccbc1b24b137b,0.5093365510585508
ck_1df4a1781a0f6999,0.23096973348429006
ck_bd2cdd53fca26171,0.05635870053237707
ck_424c254249a109f0,0.3774062399220527
ck_cf2ca4f286e289ba,0.27884372424525394
ck_6c33cb15b0d8af54,0.0690697296355753
ck_311d395fa9b8550a,0.23565146050503158
ck_9f792e7e721ff7f1,0.08078415461776273
ck_4c37586080edb7fd,0.0314650316905585
ck_7c4f42c5397113b0,0.023705290697613297
ck_fc418f53ce4aa579,0.9790699134940699
ck_1ba28fb7ef726ce2,0.2666476532304034
ck_d932f98bf6b83956,0.4579213697161514
ck_248b3659a9239240,0.39448517796747185
ck_6a92cf5f4cf5de38,0.16764999726805244
ck_65519d0fb137e0c5,0.02782972516980115
ck_ddc3fc99eaba2064,0.30820396286464896
ck_7310cda3bc65a73f,0.03646682890376155
ck_c01c85bd631d4054,0.06557764678352564
ck_b4954d16b9749829,0.050074830395184615
ck_f301f6758e170d66,0.056472741423467795
ck_9bf95f8c47e7c7b4,0.05188046748438245
ck_c91b7fccf6aeb4a5,0.29306496170185
ck_785fa45e86bc5e95,0.09050685912568728
ck_2a65f1cc23f1180e,0.033322574575558754
ck_a49a2c1f881a3560,0.03619285781889343
ck_def344d68f06d749,0.46026911014947264
ck_abbd1465fc730d78,0.02276272733686865
ck_07a5610ed28162fb,0.2572531899688035
ck_7ecdee2d7127be8b,0.0378666143485424
ck_67858bc00e81490d,0.012093334884048654
ck_b4ad165ace910222,0.06950618265279646
ck_30753ffe481a1b8c,0.7478335729565018
ck_c401a26725b17177,0.009866275467294362
ck_819988d8a7f26415,0.07603486870191979
ck_3364a1d9261b3638,0.2132772835600441
ck_c484c5bda389bf20,0.0055660080492068295
ck_ae416325fef92c9d,0.9829486436899092
ck_5517b9a865960542,0.40530791665196125
ck_a0e96fed380440b2,0.1079136980256205
ck_e83409471d2b0b44,0.20071914017039635
ck_127273af97d7827d,0.1993126203226004
ck_aaa9861c91bd14dd,0.1689654144741809
ck_a378c58294001a36,0.9763863335637117
ck_abb9d65ff1f95b64,0.35924741340666666
ck_a5ecbefa849ae569,0.3731773338844515
ck_aa9953c0ca2bed7b,0.0184664466654051
ck_40bc6de252865f32,0.0494246785082814
ck_9fb11688dcfe1513,0.04710586993657917
ck_ba68841ca2ba073d,0.5668306106019007
ck_1d3e561a7d20be0a,0.9730284183088467
ck_99a92d710a29c1d0,0.12160194316723102
ck_ede2e887697ffac0,0.006678033730885308
ck_e6de67c0d82a7b83,0.1230357004699487
ck_6b38763bf5ddbcef,0.25214380800261155
ck_8dd44eead7d765a5,0.13917607683923902
ck_30bf5b0056eea9e9,0.5641791629585968
ck_2981d16f8a51a8ed,0.30358218070999915
ck_fc60f42c68c7024f,0.14152270951074053
ck_8e2b2251ee224aa4,0.17236381141708307
ck_1906f0dfaf6e9bad,0.8902045335855302
ck_dcbe6814fc4ca0b4,0.4105948108499255
ck_f7e958a286ae3b57,0.03466917595110265
ck_713649668a7ca824,0.10386057304195193
ck_6f73cdbf9305e2ea,0.24752980789705015
ck_dd1c490050cd9051,0.33362009512099194
ck_e30db36e376606f7,0.414830887786306
ck_740d8fe8028b5a2e,0.009883298786180257
ck_ebbc9418cd41f692,0.03927699809065338
ck_7b3cc6cc3f250f39,0.23185435331470358
ck_1d30eef7110809e5,0.4182207693243287
ck_77e0589ab339ca66,0.01075695321069979
ck_15ccbf8ff7d14086,0.15225291701752705
ck_246989b0c288664f,0.13398900659195037
ck_fc2a6e27b10b10e9,0.013337536765120775
ck_8afc1112c12f5402,0.1893077266132826
ck_a76e8d83b9141364,0.27210398598782065
ck_51d3e8dd7465c015,0.0392895407607418
ck_e7b4016909405981,0.01146764799727425
ck_e7a3cfb9bf908e80,0.07125406986070795
ck_2bb49dc2388cdc1e,0.009891666371757375
ck_94f4266ee7871345,0.048685953945853316
ck_b2c896beec146477,0.6314135498184122
ck_fcf5d4a4748cdd53,0.03802619073313315
ck_fd0483639811f62e,0.4976814699986175
ck_9a21d183524734aa,0.32885008962538365
ck_1df4b46c0a4c317d,0.2537303682005254
ck_638df9e8a22dfe0b,0.1231271280644303
ck_65acc43a6dc3e65d,0.026216633439752616
ck_7c67b73196e3d0d9,0.09615009727468267
ck_b0ee3a98175b462d,0.04665796487193069
ck_20fad010969f1abf,0.004313154977964074
ck_54b087bd873af8b8,0.10264995397594932
ck_8007824431fa803b,0.030017641929384654
ck_23aab322810b9fec,0.16341941785542025
ck_c8001bdb9aafc8a6,0.04810721181540406
ck_3a34c3ac83cf84b3,0.10683986329657198
ck_60187ac2c473a662,0.9865038406385428
ck_6a0ccd7357979f0f,0.28526099890795753
ck_27f20337bef5ffe0,0.23924040320131382
ck_f9fc468915afe49c,0.5524376848996434
ck_1eabc15a94bd9009,0.3063221466529332
ck_26896c494b2768ef,0.23457419213756617
ck_348c874eaf0354f4,0.3402436866639815
ck_be9c46acd216b45d,0.28468578441989645
ck_a3cce46d15cc20a2,0.3716769286823039
ck_70804f60d9704128,0.23849389548166847
ck_a019151ca8e7527a,0.16024762360413064
ck_571133b2aa8ead51,0.4401877206852386
ck_0afa4449f20d5196,0.02284961391203128
ck_4d503c41cf4e5034,0.20791952109637563
ck_d6fb9cc5171e3e9b,0.9366281820768247
ck_05ed92a7c3e10e5d,0.7118351978558216
ck_bfb067986660afe3,0.26627875878769824
ck_c1a31690c8573226,0.07172914454210425
ck_cb88ef3dc1f42225,0.01970265848769995
ck_21e3b3bd998745e5,0.09922298442691463
ck_cf52e46fa54e4540,0.013538248771157753
ck_b72c7ac4208052ab,0.20521463828471345
ck_e6465c56b337e6c2,0.21055972165110262
ck_5f87eb05d18186c0,0.13450149829784205
ck_263f6c5ff26b5e98,0.014707948844996281
ck_e0b7e2c0bbe228d9,0.008985502699406222
ck_b657ae3c146cb7bd,0.021315144304885646
ck_abac514d8167ea58,0.19576588343440232
ck_024dcab126876002,0.14777688888337764
ck_5d8481e2b38bd99d,0.13051622179214278
ck_edf229c17d25dac1,0.4026519846707397
ck_6cb7c97b72d6b5d3,0.1822589286797842
ck_c96ae2c28086a059,0.2817241383817995
ck_2f241b97c0f8389e,0.12138897076695
ck_9158bdbb63ee8987,0.19348584330522828
ck_e7b40b60786c1530,0.049363603881815855
ck_66d38518f68e6194,0.007296489974606906
ck_8c9b57ad2a991416,0.09111086659435554
ck_cc91bd7152d3e9ba,0.13369161818125713
ck_0d846660c7957a88,0.06314660354632005
ck_60896cdac2212bea,0.2849511381986373
ck_dc4db8b932df49de,0.36608275603810275
ck_2dc31db181150e20,0.029718818899483124
ck_2f138fce1171e277,0.2757866572507828
ck_68b8b859a6ef505b,0.2065878943922684
ck_c3fe0c6c5e1f40f6,0.04144982110199217
ck_15886fe84866de92,0.3902447881193915
ck_ea269b35406473e8,0.041994167140228855
ck_3ce7cad1f69b71d6,0.3606337622829489
ck_054ed4288ee58d6e,0.311852889556944
ck_3d4913a86f207fee,0.3231132781351762
ck_23ff85f9d2355e8d,0.10873681000339831
ck_d87ab3261322216a,0.053664738853988744
ck_fac046ce336fe39d,0.08989588834350898
ck_beb97e498e6cf8e8,0.2678984351119023
ck_1f517e0ebf397b51,0.015603396625375916
ck_0af57ebaa45877a1,0.025739297597258206
ck_f99bc1732ce5e999,0.2010925815830697
ck_abb056a9deab275a,0.0863691482091105
ck_0bfc394c5faa65cb,0.3340498067334215
ck_ddc865af1dd5670e,0.3450251252877597
ck_68b5542459638b56,0.2398647864202773
ck_0b1d84252c0b46c2,0.04186742617558165
ck_520ec32c4f253604,0.13217945889252145
ck_79ffcfee599d77c7,0.11765152049001072
ck_eb224c0fd146253f,0.22777540770438034
ck_0e477084434da450,0.3018155094237699
ck_07840bba5570785b,0.07079413528771165
ck_6b67fe8e310ab865,0.23409049187620304
ck_e2a1068c2fa22525,0.46002207102758846
ck_b9c6b32f6bd92a3c,0.055547773281600314
ck_c1e7d1021ae58f00,0.010668414850023965
ck_5d7801201749ffde,0.2093254696547096
ck_c8806749e263f70b,0.0037515835852621757
ck_c9eeab826781dc91,0.09357679824335721
ck_309a432c160a17b3,0.09678869200151766
ck_b22e3337b8e3dbb2,0.05690948923246181
ck_79c30169c71b8033,0.96872292084214
ck_5a6593d954085775,0.010398173314361317
ck_70b9b79ea1aacba8,0.213656036155158
ck_63743141ffa11f45,0.3521532767199174
ck_dfd3dbd0d97a642b,0.2511117164981574
ck_635646a661f05b4a,0.16084285529220663
ck_4b123d6931b6d0d7,0.4951698948134768
ck_f2b0e7a47f442557,0.9869053078497875
ck_1b1df006b81d38ba,0.09720618094019094
ck_360237c1bd30f4bd,0.21275190006244238
ck_5e84bca0e362da20,0.22940488919165308
ck_142dba210ed2f3b5,0.5231532060787283
ck_a3564236069e3524,0.2280321971772133
ck_cf36d8b070ded782,0.061098602674173566
ck_ddd6625c5eddad70,0.04288792422487789
ck_ad54292a0b2f44ef,0.02607477174734143
ck_45cd5ef6b359e9b4,0.19387177274644415
ck_982c2392238b7be3,0.8199426454592575
ck_083e4ac78685c3bb,0.24243318395980815
ck_729cc0b46cc2e546,0.638439551141099
ck_f2b8995fe5402759,0.05240893052522114
ck_73e24f5a8da289b3,0.25909657442055445
ck_bd85f30c36f5998d,0.7771066684760662
ck_ee4ff3aeadf912c1,0.011398839726365234
ck_63d2978706e193d2,0.2706037576826328
ck_6a0684436a1e66c3,0.5355005115092134
ck_182dc4a2f5a366da,0.016590883061006555
ck_e6fecb82fc2a82de,0.04919735174552774
ck_cfb06f07394dfe64,0.01948494876185061
ck_7bbe1dc8add17ef0,0.11305932219946616
ck_5cacad76e02c8e3d,0.9714603652886247
ck_ca68dec0c7df5a12,0.026042625879401645
ck_e4c0fc52c82065d3,0.06376944410437253
ck_f9197b070416f443,0.16804926050197364
ck_2a07c7021b71cf65,0.4110097371207208
ck_4fa85cebf707de2c,0.010888642033963374
ck_0063d2a9507467e5,0.11061227034066767
ck_ec986285fff05b7d,0.029294655751415766
ck_279d43303708109b,0.561488722049672
ck_a406bf11e48cf8c5,0.5127340108795423
ck_064b2aa3f0bfdb6e,0.1507839524280527
ck_95790440bc4bd2d0,0.20280812623845496
ck_70066eea13b4c34f,0.2315054179763925
ck_19468fe07e26f992,0.9711751479573951
ck_86bfe328e0a533b9,0.8701410743001644
ck_ace3b96c977a7560,0.23736263587390394
ck_642344e5c652d8df,0.2300581431163055
ck_074be35c951ae10a,0.2282260693649936
ck_f14dce41036486a3,0.9847431523204901
ck_5cf67a3a747e684d,0.43652019712976897
ck_f7285b92648c1c81,0.008409986034254729
ck_bef3193f124fca5c,0.2497406499138767
ck_05c4dcbb45de1f8d,0.01308371973142742
ck_d7c28eaa05bb7144,0.1514076653675775
ck_320df984791a1b99,0.06789994238595588
ck_f45bad1606fa00a7,0.20617058901815458
ck_6f81c199e986d9fc,0.25220962217867954
ck_d0c9633fed57c344,0.0693728152666041
ck_a3c25d6cc7478068,0.1373405193005421
ck_4185506d12cf9fa0,0.021312060628107067
ck_7a02ee1bfba7353b,0.1393021075110921
ck_1b52590757c0fbeb,0.15821818162255508
ck_a0e5656e1cf9cbf5,0.07495876441860427
ck_ace21f6daef94f6e,0.0682860999116237
ck_646d8d0834782d6a,0.5557157775073359
ck_1f136a4476b5e775,0.2458226268187578
ck_325c7643cce02da3,0.1257537459560525
ck_9b5e7fe28208f5d1,0.18842210765872133
ck_05d81b1a150f31c5,0.01811172742893966
ck_0e9ec486bff403c5,0.29522993712075873
ck_ee13c091bc379188,0.15405156350526886
ck_f7a7f8f5903617c5,0.09340173102807396
ck_96c3a3517153390e,0.17263629512221776
ck_538dad7f096458ad,0.028343290655494773
ck_8758fc6622bbb7df,0.043333744506333045
ck_f7e53af3c91fec64,0.5192803284777542
ck_80b50fad7f255e1d,0.06903247198830789
ck_9645e7adc08631b5,0.32389200575801264
ck_e007aedbf37d6ec7,0.15459929642607856
ck_2951d76c41de2569,0.21941558274540005
ck_9439bff87e616d4a,0.09387362681191885
ck_a73045e96af0e4fe,0.17518795259690467
ck_7b382e533e2e925a,0.24945283133817545
ck_730226c2d216cacc,0.04971724006965321
ck_bdf837d761a7cec2,0.9525959427349493
ck_0b34197335ba3341,0.16286881067654368
ck_49170c4b31a20f5c,0.014990521263236805
ck_cd553ba6589d8bfd,0.07231298855570865
ck_56b992c6f136fa5e,0.22219429243000766
ck_8beae3d7328fa41a,0.23798914715205718
ck_1a065ea906ae3d6a,0.010881068777124164
ck_e9e3381d5e0e5051,0.11438778204008063
ck_a6d4f998dadc90c2,0.9419187483614839
ck_d36733da917115a6,0.12887815564153968
ck_e738e920bbd74a7d,0.27514448352132703
ck_af65eb885a51048d,0.009278080479785275
ck_73f4eb09af29b1c0,0.5050792139228135
ck_8fc641b1750a2542,0.42713746169002087
ck_41b954c7a948c060,0.03365138051827066
ck_25fc3010e8a0f6d7,0.02481823104838887
ck_a2624e0387974e0e,0.6324483844241345
ck_5cb9d7b2329d5ab6,0.3001925138575266
ck_6c83aa1d100a7cd8,0.40317648497136227
ck_67025c64588abd1e,0.018326303705887146
ck_f5dde68f6f0468e1,0.0037468082483899296
ck_46bfb2cfc29a6d2e,0.013209302484277423
ck_49dddb894d33f6db,0.12299132105175767
ck_f738b633b8862d18,0.021359978970326137
ck_3d6c3c00d854f5a4,0.4641029717817147
ck_cdb8061d8d1a6c5f,0.012796809866360141
ck_5e1b81848718bdc3,0.2086162423265891
ck_8def763034187436,0.748059717367316
ck_8f8e4fb9c6190272,0.2071863928143656
ck_368b968b5f33431e,0.012882025154132165
ck_ba7e347251ea399b,0.11594497646123508
ck_9075432001a64e75,0.10141933129199869
ck_73c5371635aca173,0.9461433165127073
ck_81793387b38047cc,0.022619962889530325
ck_0cf220816e320ac5,0.03210935123497071
ck_820219bb9c761b52,0.8348213666982751
ck_70a932ab39d86a24,0.006169968095896948
ck_2c4be237a7ed79c7,0.013236785359794162
ck_acc764b49ef02826,0.7689711240867186
ck_74c3c3452e4e7cce,0.0903270529758605
ck_34dfb57e5bf31d2f,0.5076246773316727
ck_6ec39903f765956d,0.09439721393617974
ck_5986119e7d81e831,0.25445770050569133
ck_2ddfc948b8eac752,0.6221560895243372
ck_921ff5ceaf40a968,0.10170789765938518
ck_fb3b68b4424b5f92,0.6073326956720531
ck_c3db1b3ad4f16679,0.319190393856004
ck_124a197be41687f5,0.1251226547543793
ck_c58d9151834f5bad,0.14217179509153083
ck_389607982eb6b701,0.813509463372492
ck_fb0c138c003e933a,0.02530971551272054
ck_50d0bb7edd8c69c0,0.4991010042314725
ck_c6cb651149dc9a8a,0.03200860836536479
ck_81e21354e477eceb,0.3133579520445255
ck_7696e38b3e4197b0,0.222087203960607
ck_586001d3ed9e7fbc,0.03482738990559992
ck_bba413492dc46f2a,0.39238268254403724
ck_95b894380ad2702a,0.18826909467633843
ck_277621473369614f,0.9884707248491276
ck_a50621b5eeca84b4,0.0113008322414428
ck_bfa7ba218b988cde,0.35232154216447875
ck_5ea89567dfe78e4b,0.13852635276408043
ck_6c679602a6476ab2,0.03587000071237986
ck_d3885e286b3b11d2,0.1981255321545393
ck_cdcf6671b37c9c92,0.23359790995853347
ck_b5c93e6d34f8d366,0.013254473077966242
ck_c24f61925dc158d5,0.329642025315963
ck_cd09375e6c81d2c4,0.1400927999133353
ck_a95afc7a00303a26,0.06855742569088798
ck_8e89ca8b39f3f8ad,0.01963572278288387
ck_9a84b396aada3fa8,0.40699220775945555
ck_5124a2e415384945,0.4994927078234784
ck_d66bb1f063357f99,0.06883689874126268
ck_0fd9312411b0ac55,0.14340108088121967
ck_ad8cbe6e27e47ede,0.2903837625524731
ck_8398adeaf41f9cae,0.15662862565175545
ck_dcf851e7bb5855d0,0.03608893026355907
ck_9affb0f26776b642,0.016611159775869123
ck_f0424b3b36bdbef0,0.46982968847907797
ck_66746d1090d6d9e9,0.002693855551890714
ck_e5f8c8a5824db594,0.21604696936997186
ck_3e91dcc209431984,0.4034346786971062
ck_126a82e8d42e5ce6,0.021400180515341167
ck_38e4a74ab256e2eb,0.25841888178959016
ck_1225a97fc413a419,0.1683173446122854
ck_9b5ec0f78e160e65,0.007367925490968812
ck_7c5529bcc079600b,0.14499149038107315
ck_29640fc2fe81c251,0.5437310584492051
ck_160e9ba0a3f7c1fd,0.023641005099619743
ck_bff090cb4ab76b9f,0.037408626975159905
ck_aa06ed358e43db69,0.6037351491110055
ck_7264486eb512d84a,0.032707953815476386
ck_f5a32e6160b28379,0.054690178265867334
ck_4ba8bec14c2217e1,0.05323782606464617
ck_610815786d729d2f,0.06498238772209042
ck_e267999226b6321b,0.006085384711042076
ck_f3996a3c8eea1ea0,0.051234323412157036
ck_e9b75ed7567a3f23,0.48935937940012325
ck_d21612d48bb4f7b8,0.407293683729946
ck_1f871df76c6a995b,0.1766697126149036
ck_953bd5de48ccd70f,0.9305640312290822
ck_02a9104419a6dbaf,0.13345479470494903
ck_1eeeee651e05d535,0.20027895201951704
ck_e2ab04136a442a98,0.013987052379878738
ck_f0d806624ef3d359,0.23948418351924802
ck_4b68b38c1b3326a3,0.07979806901363791
ck_74e60495f8861156,0.3408629571707405
ck_398f3f4cf05c721b,0.061442461452012945
ck_f761b7650a0c1a85,0.06961541549615743
ck_7dadef33f5e2d94f,0.9798252606868454
ck_6ff6883633b8c7ba,0.021840168231290338
ck_4d2159603045109e,0.24580572815942772
ck_a38bd07a5fac5c9a,0.027387691775471665
ck_f517f06551e69507,0.05334803791785774
ck_a7ea00a1760ad561,0.983939673893014
ck_31fc51d5a3dfe16a,0.33864365107463773
ck_bac5233623b25ca4,0.14346680648634358
ck_385188ab27784fe3,0.5561346429887246
ck_9947a323bab5cacd,0.5841815242697233
ck_7973edc9f22ee7b6,0.2840787194888285
ck_f97c477986043755,0.008312085534168972
ck_1a3fd2cc4b4de196,0.1052450751607094
ck_e18ac29ea62cb435,0.4601817939505198
ck_9720a472a3e0140c,0.09956395899252722
ck_668c7fc7d7e47c0e,0.33953547070660084
ck_214af0806470ef48,0.34467767679210054
ck_a46c1773f01f0be7,0.35980113721618323
ck_f2bdcfb4203ffdee,0.1548542383064943
ck_40e84e6ffe788a4c,0.15293019620491363
ck_dfc6f5712d8d6678,0.3696876840362651
ck_01ef1036b2e66a4b,0.02235569269100934
ck_3acfec10eec32f9c,0.12253475484890276
ck_084a85145c15ed77,0.1416973391163184
ck_fcdb4fe2f095fba1,0.36864668863391264
ck_023908db0a193076,0.34304664888218794
ck_fec0ff92fd622253,0.07613965640019908
ck_c009c97d5fafbced,0.22224739145689942
ck_eb9f0c06ee017ee5,0.2325879793937645
ck_d7792b429620fc24,0.09546690796629466
ck_5e9e149a3b69c726,0.192982398405333
ck_ce927322ef8f651c,0.1050130454012342
ck_b8fd61a8e82bce32,0.8722910806011074
ck_9aafc33fba1474cb,0.07499648736141376
ck_ce81ff9b8b35562f,0.0907096334466542
ck_25bfca1d8eaa152d,0.11819433360368713
ck_170c65860e2a7e23,0.029709925343431694
ck_952da7ca9f33decb,0.06833013354431496
ck_1ebd574406235957,0.4055450727942082
ck_589109a188adc2c1,0.07515110577792516
ck_f0cbd5383bb07778,0.1641213919073606
ck_242521e261148fba,0.128049187020461
ck_509cece86a558de4,0.04366099132275523
ck_0dd7c5925d28755c,0.018457422962751397
ck_a7e669cf1c3985aa,0.15720126330059161
ck_acb84dc2351eeb76,0.009735245548394812
ck_b837c7dac2a9b931,0.3569088761595407
ck_18eb1f9181f95df4,0.05476412196161042
ck_b0b9047dddb1ec84,0.7874681518498421
ck_43aa136bdb0a2832,0.6510840662115962
ck_3e47f8c56c811700,0.0845214945282291
ck_77c587d24695ea15,0.09125021570270378
ck_20578ac693ea4e93,0.2180040141276389
ck_b9f6040eebd1605f,0.41574460987012746
ck_ca9d86f65cfdf018,0.04872342579082922
ck_a4fa8833995c716a,0.018812333626563912
ck_f589f1e29301b5fd,0.16947913351331553
ck_961ddb8ff55d868e,0.005074615757903749
ck_5662492a54e6688b,0.09011748522338452
ck_ad48826c1c26eb78,0.6236378452035529
ck_621c9ddde6bf2eca,0.14961272352372404
ck_417a3500b2c717b3,0.47428258325391653
ck_c7e129058beb3ac1,0.08391186222388528
ck_ec1c902b9b9b9c5f,0.2774031117428759
ck_317360ec0a67d27e,0.3171853889277197
ck_3e3ea5d8c4a229dc,0.4748191116244396
ck_d11d27de7bf0b973,0.6624280968612724
ck_d37d56e931105db0,0.030020520798664713
ck_4863077723cd6ce1,0.03312587810020329
ck_479a065d5903e9c3,0.01394643171208886
ck_e66ae4fd586fedea,0.1654653432931957
ck_192bbfd0d5720134,0.01646878465241834
ck_3b436cb29af99f3d,0.23247469642764437
ck_7c7ca54969eed187,0.19463510607751147
ck_826ee896c9f1144d,0.5162034115462822
ck_ba1f6dd43fc8a0b1,0.19395835524476943
ck_49685deb63e4e8f8,0.23067973644183118
ck_687ab5d5554bfa79,0.4910781953501223
ck_41346ccd9242cc8f,0.09008919902983807
ck_8f8e5e2b9dfec3d1,0.3990268620634885
ck_94d5ce61a0c50465,0.6460012598666399
ck_6b954c75aad8c012,0.3240415696866816
ck_748af92828c9d288,0.03338697158752822
ck_dddd14091ce812c2,0.27170489804161374
ck_723323f6870fab59,0.2211466741032784
ck_dbdf8d0708cc6718,0.024968265989078
ck_f04938570a154de3,0.051880824142757
ck_58afa1550b3b5294,0.4841395457479305
ck_3b150afde386ecff,0.2326592182557536
ck_666b95e75d99ec4e,0.9216178522228947
ck_e00332597cf1eb24,0.1744942616289491
ck_9a9e3dac79280d7f,0.7176231407876758
ck_e8d37262e859d9a1,0.06403886335722418
ck_895bb39d24bc1c4c,0.008963001915594473
ck_b367449195e36499,0.3322425332387868
ck_d23f9a50d1135ce1,0.5346975842051722
ck_670dc4910cf476c2,0.0070537087510847305
ck_3ecd8a5ce65e21ca,0.09210597661323412
ck_8584fea2df4c6317,0.40452589243523046
ck_0789ff4562202b20,0.3412378229263017
ck_749e0e50c3907be8,0.013871968174160872
ck_c3ff6790cc6d7e34,0.04925237175682209
ck_75fb7e56432ee4b2,0.11591226306288084
ck_529fc3170fd11abd,0.27897758229703135
ck_34a69b3b4a681796,0.7690394956680697
ck_255f0e5888ae9e23,0.31916574352237004
ck_65be698386474170,0.013708634851959955
ck_5eec9ed855c26000,0.01879928842366513
ck_5ab39bdc9610f6f3,0.7478685384065255
ck_1b5b75762f033462,0.09474972631870325
ck_d3e208671cf37f91,0.9591407969755025
ck_5068ee554ceff971,0.25813135510539287
ck_d7d50fb57fcb2d0e,0.042891008561932766
ck_ba6e1115fceaa067,0.31625097067476027
ck_d07bfb16a4a7dac0,0.9803894687961383
ck_ead68310311690c8,0.7132043599023209
ck_ee53ce862bc9c111,0.2608259498177928
ck_97e56e6037024dff,0.013508321079746777
ck_80b04344c98ec072,0.2279731450761029
ck_5954f45a2ab45f43,0.10960138716400322
ck_18ddf7e836256e3b,0.20446519941778654
ck_89a1a780144d808b,0.17823241618030258
ck_a7331e8b808c39aa,0.3107830643020126
ck_a1fd0ad03ff9b776,0.10000408752355164
ck_c0cf50eef030b401,0.01471354778168167
ck_074f20921189e7d6,0.08095829666651169
ck_e2aa7be60794593d,0.8015079664744126
ck_72771757dfb7f7a8,0.20742299910256878
ck_a9cd84a6dddfe584,0.23105617458875358
ck_142c00f9f8557504,0.20513574216956895
ck_221b5d40358230f4,0.18692571331334593
ck_a2d7a563f520b7ea,0.09370747585706603
ck_66cd34bc568d95e0,0.25122917441624676
ck_a17128972d3e507d,0.08409377839689738
ck_bda299466bb2136e,0.3150612025241878
ck_2b699066665abe8a,0.21527054654987873
ck_0ac9848bd4ba0c14,0.02535316771097882
ck_98d2f9a6ba3a3077,0.9087749148680234
ck_a872df31b28a5f7f,0.5259432643640137
ck_7e73e1d44ce82ed9,0.0349681684455731
ck_1a415416f620d49d,0.014174959455007116
ck_c95c786d2f8b8edc,0.21088458492959372
ck_e45012f22b7f91d5,0.01860202377671542
ck_aa0b083e2a6813eb,0.5132517741758441
ck_4666232ddbf77756,0.026371516380831073
ck_e08e9c8ec5f23d8b,0.2889111862589534
ck_31d4c0518e5f52c6,0.03427510745188549
ck_c1ab40638f04cb02,0.36240938981424353
ck_4c1fdd1669c7cf51,0.013024201981279909
ck_11662cc7940ffc82,0.314952765566025
ck_2e679af24adedac8,0.14923701129419953
ck_454b9e21b7f25a4c,0.008648821587916163
ck_355c4f29089731e8,0.9870016499409366
ck_507e40760a24d2d5,0.21613261365176512
ck_0943e0f305078e34,0.960064477541702
ck_abc54ed7111e9ed1,0.022971844253605284
ck_a60fe02fc04407a9,0.35777604269691127
ck_244b897bb4d57c1f,0.13239890867654927
ck_8c84fcde93a04334,0.7312196210413806
ck_9eea37d2de633b27,0.022250185359293156
ck_b2cb9e6610eca967,0.10028669947502328
ck_09aadb4c41b166f1,0.5703589818483114
ck_8d94fbb4828ef326,0.027266195789320484
ck_089e3a07abbe3b8f,0.10419268528828274
ck_dfee9de05e3971cf,0.04141752611901781
ck_6abf8302ce052451,0.17266346610988492
ck_6ffa90143838a4a2,0.06522356354780971
ck_325caeab5c7a9c3a,0.11625397306067184
ck_1964ee9db929a173,0.9121898415322587
ck_942b95988a6245a6,0.513346565719031
ck_913ecdeeb8e21a9c,0.015926119910018185
ck_ecf9794349eb4b3b,0.3448453225531181
ck_b6cb8d6ae828eed1,0.08111512568319278
ck_2f82ea66c4f53b33,0.4113575049959664
ck_6e676daa4855b58f,0.19665042841018499
ck_2a37fef48b44e9c8,0.12653195996543581
ck_3bd12d468fdc2450,0.20805180160895073
ck_1a28b6a40a6bd3b4,0.37064459189192034
ck_61b79dec96d15713,0.02234740284794209
ck_31d5e3daced93d3c,0.32906221131283175
ck_e6c8611c0cf233d7,0.015223829165856021
ck_f04761b4a937ac3b,0.1625444176391392
ck_38c1c75cf055031b,0.23954297798370622
ck_59a561f3df01441a,0.06750888787176146
ck_04e40f556a5062ef,0.06435867877251142
ck_8409716d174635b6,0.016391349822549493
ck_3019afee83342701,0.18115715476486258
ck_b51a58e7f032c9a8,0.11166065739276529
ck_5043e474f848346d,0.328318390666373
ck_4388abce33ecd01b,0.6215153785905517
ck_c93def7392f0aff5,0.5791343884289448
ck_72e7b1acc19df820,0.05954003293995128
ck_f253130dc3ca5b3c,0.07174919024040077
ck_eb264d1b180d4b4c,0.3221700507293327
ck_c2504f5a113433ee,0.012739243110144086
ck_c16ab1e4dafb4910,0.6081564664686843
ck_4bc42878fa180991,0.3089995741929684
ck_1c771a7c78f6622c,0.6850493155155105
ck_d523f0e50a2747ad,0.07066032158944749
ck_9060f4e7ab7a1b0c,0.3338993483037128
ck_6b55ec4e87a5e22c,0.503734874457029
ck_55fc62a5f89a7251,0.30479403434025437
ck_bd2545c62f258231,0.3068071559623417
ck_1ccdc69d0bb712b4,0.052990276695673015
ck_710f867a3bd5898c,0.022356449435039435
ck_f91d48c40337d375,0.19915399574067805
ck_f76d929541ed41dd,0.38144814437559615
ck_e26a6659c237b650,0.3685017781607938
ck_184983177b73dea5,0.22625545387197543
ck_6d0d081bfa8a0022,0.2532763728714398
ck_2f6e64f638da0f97,0.02087952548555652
ck_15b93103ccd38609,0.14302937502932736
ck_094d10439b7b4eac,0.021098671595976483
ck_d2ca47180a926ba2,0.1454984332972589
ck_a69ca7b9d70972bb,0.09055563956007938
ck_68914e67343a7d32,0.12129086742173004
ck_8176616132458c0f,0.083325281079156
ck_eee99af3598311b8,0.2028672554386268
ck_94410eedfca91304,0.5149072057669737
ck_cfb11a0a2325bff5,0.1489578980467213
ck_75217ee144b715f8,0.37929299535190736
ck_d56fc799542299b8,0.04110852778772325
ck_4c352dd3e7c81269,0.40403345288308234
ck_e23e50e02cb3904d,0.42072188281143996
ck_b921af37d500e139,0.25579608595703357
ck_82181b935360dcbc,0.9857855845292
ck_22a7cf3b99c5e5fd,0.17644235012796977
ck_f67ee7910d532216,0.34175894881763563
ck_5f48762a14a0326f,0.06423896465424227
ck_1757fcb0e6e3f88e,0.6311148953804059
ck_2c2f080ba185016e,0.27474666341082965
ck_4c25570eb72711b8,0.018380901236171494
ck_a3be871ca22ac416,0.16592578525996457
ck_ab70961e7c6695b2,0.24600221414701887
ck_a1cdebfc42a52448,0.012586707786845336
ck_f1b80b821a20186d,0.2606979485449964
ck_ae668e4564cd2aa1,0.0334236442008796
ck_0e2bc3a5afa439d8,0.33172380473053725
ck_3dc378f37d0b74b8,0.14710333448030524
ck_9f9555197480d1cd,0.05324754803038347
ck_bf4e7d48770a4a8b,0.23387560790892692
ck_614ef655f0685060,0.08205315074693387
ck_04d2ea38ee27770f,0.01653587129044859
ck_e03a9d8ac94161d5,0.10287368100349953
ck_d4007b5b26d9d854,0.01878421110384694
ck_2dd147ce6d61749f,0.19777823857715984
ck_ff45764ea7d6619f,0.3599089214884872
ck_dbc487cb0a6c18da,0.9784602113742505
ck_791d5392bbd80447,0.03843421415669611
ck_b4068439c413b150,0.21797282041465982
ck_85df7b7de9700aba,0.03714437995295087
ck_001e42551cd06e40,0.15836967059609455
ck_a6c02ae50932cd9d,0.07410692681865436
ck_9fd0be2c018ff5e4,0.04696104266428577
ck_32a495128395fde5,0.04008943099280404
ck_b6f2a2fd232c141b,0.07637389148436492
ck_28dde633692904b0,0.36226243003349407
ck_a1a93c5f375f6021,0.030789804044923787
ck_e3982142336782df,0.08042897485421585
ck_a9812ff3c111ea94,0.19492138445278806
ck_f04062216f95fa00,0.2844320722111864
ck_7c560467daca735f,0.00680932258954808
ck_76ee10d6e2dba70f,0.3061348229065549
ck_3521243bdac61178,0.19266518087332227
ck_28588fb03b320520,0.399771948025176
ck_580dcec33ec232b8,0.08767343258696562
ck_7109923fd7dab20a,0.15338884291025184
ck_7c872c99481c1e9e,0.14448897573420608
ck_46f4e1f5026f4d1b,0.009033651703445823
ck_00d1ebc31ec4653c,0.0430988421417392
ck_aac70764dde15168,0.2760679851760003
ck_648c03f9aa4e45f1,0.15030892866728657
ck_5478eb69ef912785,0.27976080710875734
ck_79b8523137bb2603,0.23629090798680064
ck_795c49f312640019,0.007608249601246032
ck_89184bf7b7fe41cd,0.48046437334720693
ck_97d4bd922996fa10,0.028619340614109846
ck_1cef30d08f3a598d,0.02483491923459981
ck_2f9fd36a4a40a6a8,0.04763439466188958
ck_40780fc0f8d6f309,0.16841446476317382
ck_9083ca9fec2a7f4c,0.08833070739437493
ck_62081bc35aa59931,0.08731480851039913
ck_2e1b46c5fc56b863,0.48371213880800595
ck_3d139692c51b604a,0.48878895589468035
ck_b5e54e22e3d6960a,0.01643645628303492
ck_c0c4be3f44311b04,0.0668520275202363
ck_82a8bdd2692c2a5e,0.020957441528556397
ck_bdd2da300b530c5a,0.21193038075513798
ck_ee40498cd97183d3,0.041557277217217366
ck_70b9274473bd6dfe,0.10146757416352208
ck_473d6314ea614b29,0.11056454855144354
ck_7443d6dca8cd1352,0.024420115112275202
ck_3b49768b448b071e,0.5523684335493388
ck_b43f04431c267dea,0.027146597586529344
ck_4424a5223ba2fe00,0.29974204299203144
ck_819bf3e8231f4081,0.2104082012459144
ck_91d417507a8c58cb,0.6061495928642463
ck_e88e86b19cada4aa,0.25421635655048386
ck_59684167f9c6bf4c,0.4793593177876012
ck_d5f5b0dc97b9dc27,0.04228483460978687
ck_13d1b192bbff8f32,0.1962465642248111
ck_b21d8630387cabce,0.032928101744158875
ck_e4ac22046699b99f,0.030448194131009475
ck_74b848064f2ff45d,0.10876676736633367
ck_166aa980cc87fa77,0.4217269856262398
ck_98e337806104dd88,0.028575161812090067
ck_66eb09be007f0755,0.18211136442729292
ck_3ec9b9d8dd7be11c,0.16991190862728853
ck_8b8b9de339d75d0b,0.304176446658626
ck_6715139e240007d9,0.021005295809368
ck_a0255ab46e122d2f,0.019913068894963887
ck_66e81a4190c33510,0.18023209781934002
ck_5d75ea4f5c9080bc,0.6759679547508161
ck_df69858b8a8b3165,0.027062826885800865
ck_e15252ebd7553422,0.016625109464975186
ck_34d6d74bb3ed11e5,0.03946110768532313
ck_c2608f78f6851d10,0.8844720441782074
ck_bb99071e8f58c8a4,0.9052541854910433
ck_06010f0df5b7cef8,0.10867321810190317
ck_8c582eb0f6c0148c,0.16273459416718616
ck_0034d010d28aea78,0.1329249114802032
ck_01c1f06692566ca1,0.21911363979505546
ck_4807726e797fb893,0.21973145749120684
ck_edc9668282e3c8cb,0.2702308997939269
ck_5486768475af7bb5,0.9701701757372945
ck_3fb9813849e51837,0.2847520631982269
ck_861af5a9a9a6d619,0.027067268523342798
ck_da39653add0f1109,0.010833097252735742
ck_74a4244eb1f162e4,0.027277751115118355
ck_9a930faade55b8ea,0.03144998958370222
ck_fb6e06ca88519dcd,0.1629748496384657
ck_9776cd8263a9f415,0.17106075134020493
ck_b3dd1198ac5aea73,0.28110413345814617
ck_b6675a04df1a4276,0.020900604232636028
ck_5c7ad6e731b69333,0.8269286607338121
ck_28dc0fdbaec00580,0.313651670243082
ck_8e7a32f7e3905f4e,0.36147857226239
ck_8563fed6674afc77,0.16070838185732095
ck_9a2fcccb82da663e,0.41574236239241075
ck_6a519bdac0d94527,0.007592824415600553
ck_a0dab7aa9c4a39a9,0.04816033400127032
ck_a3ce05e9e5e32142,0.30054497364326227
ck_7a7e40ee3f97c035,0.37989062306519766
ck_9e9a830785112a73,0.1668149124670445
ck_ab1bb02f6b189304,0.6813263445859477
ck_7b8cb0f90fbdc8c6,0.4919787830421662
ck_b138fc249e659e60,0.08351932297683393
ck_e73caa3771ec5e0f,0.01642899687744072
ck_18a55b06ccccd88b,0.3140120427682292
ck_fdcb1d9265d8fec1,0.2550410112475099
ck_e21a900556b382ad,0.17835342188762218
ck_c6bf67470f526771,0.16663766473960923
ck_b568ba3837afb39a,0.01876025397364554
ck_a2858979dd5645ef,0.09493138093113647
ck_1da9d40837ebaa57,0.3051504764752349
ck_9341c7959543c542,0.029402369894408125
ck_c8ad86806b9a2369,0.24480093580709794
ck_5c85d93ecfed4b0e,0.00619937632033461
ck_f07b09879d697b82,0.0176739776612781
ck_fe43da07608b1749,0.09347510435425277
ck_4bca22b5926b9c28,0.04550358490070252
ck_aba573aa942b1d41,0.057543858822000506
ck_57c14e32fa4683bf,0.017011590084938952
ck_891530b489ce402b,0.03086707968467614
ck_5e74fdadb93ff293,0.10570328207402958
ck_14436a409ebcc90f,0.4239839821642482
ck_00013fdfa0bd37dd,0.05506036995392008
ck_7dbe24ba01316775,0.15392525015021583
ck_0e3f80c1553c591b,0.24788591041133048
ck_3edc45db58760d76,0.04171353796514441
ck_29076a13f539187a,0.5072925787676886
ck_b1e81b58b9a545ce,0.46952047296331806
ck_3f8571d4f7420b2a,0.23871811821412006
ck_7dff6abe4bd644dd,0.8217528062893673
ck_2884bab237af16b7,0.21951468105489505
ck_231e6dd1fe708000,0.07279456898294683
ck_33ecaa7b892e73df,0.09020374913527847
ck_b109ec4c63503030,0.2037486609299079
ck_a7f522382509cef1,0.014872508380187542
ck_748b3ea941d8b3b9,0.03968475411601197
ck_29f3a1737a2d9634,0.07948328702064592
ck_cee8d42475a0f020,0.03499208553336379
ck_c6b6ebe145a8ffab,0.009800246444404886
ck_21c99e1d6b881894,0.005797939741500022
ck_5ad798286384484e,0.4668043132488671
ck_b621b6ffcc7f4848,0.013319386065818685
ck_ea819e337233475c,0.6762515001389398
ck_9e3896c2668ce06b,0.48482199138097737
ck_501dcf1ead036d2b,0.05861117558358487
ck_8d5eda29a2cffa3c,0.04904786954424263
ck_4d3aa36ff83f1132,0.63627096363365
ck_8e9faf94e3e6c757,0.018417491055911502
ck_ce0ec41f96951048,0.1019195155596524
ck_f09165d73ee903b1,0.11470911185584295
ck_a432b1bf1d3b3d5e,0.6371292024870313
ck_ea618f720ff0b4b0,0.032975821387703885
ck_7584e7bd755cb28a,0.06974220143364154
ck_e14681aad43e1a72,0.12037565395511704
ck_5e18870d8e30e379,0.3504695359991502
ck_ff7c26a62bda8089,0.025575037405959462
ck_cc5a35175d381d5a,0.016488267151576558
ck_3c25029e40aa8a84,0.049608766319079324
ck_771247b5bc16c12a,0.04172440716187416
ck_664b5e02759f985a,0.14450100078842326
ck_692a9e8f504b9762,0.01098499276143521
ck_df8ad2deb0a4ffed,0.09660826301432998
ck_eb48c0bcd12ea654,0.1504368007371527
ck_7c77e597c951cdad,0.14432915582078848
ck_4f75144c6f3b13ad,0.12188484210884298
ck_1bcff399166d7c43,0.08311128307032127
ck_975c2aa3d4a8c51a,0.13371072921988034
ck_bc6f07b06aaa4ce3,0.5225685651502431
ck_80b072b7f3c7e8e5,0.08578089649192797
ck_471e4018a23b4e56,0.07511730453068036
ck_53cddfba570b4a3b,0.24279074538891418
ck_630530e50764f229,0.14894280364306275
ck_dcef7887a4f1e435,0.37400968014889807
ck_2795921a055643f6,0.15101065773241837
ck_7456df89f3792235,0.026453223970071254
ck_5014a3b07e1f049f,0.7987065355468843
ck_d4ec44760cbe03f4,0.15325484254938243
ck_96810ad39d4cb7b0,0.17889401918156614
ck_3222ea25aa29bfa6,0.009529991912954002
ck_f6c42001b84a10cb,0.8242336267770402
ck_5ac86682385c86b8,0.145307404606796
ck_4280c33af57eb4f4,0.013324923762371871
ck_05f79ddd8eefaa56,0.07517056327182375
ck_3a57a13ce032a6fe,0.12186580320854176
ck_a721f0d635fad68a,0.10451195067799775
ck_a3f821bdf408c326,0.06753892700631439
ck_0ada63008be5685a,0.4292063532680609
ck_8c949bdc6e8720fa,0.6574751009436848
ck_c0d2c56f9c722e99,0.9696326537451079
ck_5d2b9e6e087b8dfc,0.9880231605579064
ck_5217b55593a332ca,0.4578835911166874
ck_7a7bb9be5a7e48ad,0.10988667802390081
ck_24cd0d779e866287,0.06500624972354034
ck_7367917891a63771,0.1564994104146109
ck_4b31a8862a857e6e,0.9037540536427512
ck_81429c4910ca46cd,0.05230948674711171
ck_b35d803568f82d9a,0.2377883206114744
ck_4b00e75c2d2d0522,0.010342496139896691
ck_77fced07f6dff42b,0.13450033651376309
ck_3c9a06eb07c300e4,0.019667964153817094
ck_b3867f7f494db64c,0.009599089444836608
ck_0c45e54897ab34e2,0.5290796538635526
ck_507a6a580ab55c76,0.04145610529660217
ck_291bffc7809f896a,0.012842108968872884
ck_3753cc5b9d02e2fd,0.026712250128461398
ck_4f63d5245b3ac1dd,0.48426410394133246
ck_9dfb2ae78659240a,0.10315001799281479
ck_90f6f5ced708aa75,0.006940510815002925
ck_8b5b5a6b5539e39b,0.9584147419499865
ck_4719112b55d20161,0.4344556223165164
ck_fec888a7108ca52d,0.9915022136305071
ck_4f5d022c99f118b7,0.12311520498792089
ck_e967ff05514b697b,0.3090642428904715
ck_839ce35819bfa4fc,0.014694092049096828
ck_bdee1221b9addff8,0.03751529924507177
ck_9cde4036d0914427,0.3313174639854849
ck_5ac959cbcc5e98f3,0.016838168500377622
ck_619842688294dabc,0.06690894372013637
ck_7373d7b04c7799bd,0.2539605240608991
ck_c1dd3feb9a0b6471,0.1237242554046565
ck_0324a4812ec319c6,0.2821176011749377
ck_7f3685aa2933b251,0.38621626120087776
ck_06aee5a62a67a84c,0.2539834238320875
ck_3428910b44b9d08f,0.14538314330042515
ck_c3ba7534cefc1de8,0.1989007533956782
ck_1f1273a67cbad5e5,0.9134373248167033
ck_124565a11b2f8bb8,0.3057477078104779
ck_38e46bc861e0165b,0.18078059361019277
ck_c8ad3f01319c065e,0.3466265796364776
ck_3f94a34f5038f7c1,0.9651781225754978
ck_cee56be5a502fbd1,0.4922981518063255
ck_2b90b76cf4d162f9,0.09364557198070407
ck_884b2e463ff1d54f,0.05628950762677008
ck_fab4f2f8531b4827,0.2776348100407261
ck_4fc6256e0e60a926,0.1024683964200685
ck_0a2f8b2f8a5b6f02,0.022484909366695033
ck_9c0deab8a8367c5e,0.010672880190583683
ck_d3a2a4c011fa2554,0.030718653908597023
ck_4108b4038f762817,0.5878851959299043
ck_4df036e2aa7e1056,0.042092088516949545
ck_ec094eb1cbb3efc5,0.02006845958817116
ck_09f8f51bfd2492c6,0.3096519733955509
ck_b60fb9a10d6f4489,0.42012940470370663
ck_3638bc3388dbc1bc,0.28779564995281864
ck_7a58e0cc9943c39a,0.019512405862911295
ck_37dab6a0a536ed49,0.4941435610795532
ck_adc576690df5b33b,0.10912284369876342
ck_1383b2b1875000f2,0.04055991529157788
ck_43c1248db37a2eb0,0.20686414810852363
ck_29c11bd68858e923,0.013467374304807784
ck_9401f9e11f65337d,0.2505385652359399
ck_ce5ed372b1a2ed6b,0.11636191125355837
ck_08b4619490e751a8,0.9787321668118156
ck_44b9125526acb05d,0.49492587636805685
ck_ef1a1de20d2124cb,0.44372576816550297
ck_e5e2624b7fc89774,0.49697549453999856
ck_f5100511609b92c0,0.008347637092782231
ck_64f3bb17101b7c42,0.1603868875755845
ck_ea1e5b5128ecba2c,0.013225620763484753
ck_516163fcf04d5e77,0.05135907229368447
ck_7f9a748110d70005,0.1336491939224587
ck_d263b55f0a681cce,0.116343417858471
ck_0e962eacf98a813e,0.13118182315152266
ck_0406931800e0e2e6,0.0449831558365595
ck_0e9b982afc88a3a9,0.9856850819566098
ck_8bbb625384edebd7,0.005642444048006307
ck_5eaeb87bf6207406,0.9516965581240312
ck_cc3318839c4b0745,0.07981483519616858
ck_08a0355d1f1890ef,0.12250527559194849
ck_af7ffd1a822460d3,0.7785532438602901
ck_2a09c7aa870edb6b,0.012647026543699863
ck_bc04f51c23290bcc,0.29313550380877046
ck_d3a8333cb389f4c6,0.09066431395102814
ck_88e3dd3039508332,0.26385136122697206
ck_b8c7771de9b57705,0.023427469644225367
ck_585ababa02383b50,0.07069465572328036
ck_e988c108754cee9c,0.051780488604842065
ck_4a691892d9d6cf89,0.08052626353781482
ck_7cdce37d895eefb8,0.17266779640106839
ck_483fb981a1fb4317,0.09384727212612755
ck_c1e5182bd99e0e35,0.3650001284013294
ck_9a1e3ec9a1839939,0.20021298987216207
ck_5c3f13de0dbd5086,0.2298913798589209
ck_f4f6f0caaab70040,0.0311348867525394
ck_791be3378dd7d64c,0.11782985269991035
ck_956dd784525f5886,0.7777281200527228
ck_098167eaf124c279,0.6389383604337722
ck_33ecff7914349ebc,0.26998404945778975
ck_e05d44e46c7174e6,0.21872187592608505
ck_1b2ce474fa6582b4,0.37206059230074573
ck_ab581082e8f72e3d,0.09860155142099714
ck_e63256667aa19070,0.22658291294775174
ck_f568772b6cb3febe,0.16333512260123878
ck_dd89a282375bbab6,0.15026293215384548
ck_a39d0bca345b492d,0.024153170379492803
ck_d12d2924d0f7a64a,0.05030197646306996
ck_6a548da1728b5823,0.9700379106046354
ck_6d64193681d2a94f,0.1759490603517896
ck_ced6b6dcdc7c201a,0.06605707783863006
ck_d1b0699d26282871,0.10692893274165662
ck_58f757e40a9b8877,0.07950301363471698
ck_3272c2c4a37d5220,0.846318525108482
ck_d94dfde9e03c9d1a,0.1196088353065068
ck_08a6d4903a7fbaca,0.07404172807689509
ck_6c72a36b05fa0f4c,0.2800885178479856
ck_dbb4bd4eda97255d,0.06843248310953812
ck_94b59bbc824b307a,0.013105560255436625
ck_0229a07185f15469,0.13382124890098157
ck_11bf1039f8b3025b,0.16076124746587783
ck_36789ca11459131e,0.44319275669941993
ck_8572c5f5c1447c62,0.20931234533908705
ck_9e75c6641939f4fc,0.4399408742363861
ck_b45e47c39d4dc7bf,0.14252031386094569
ck_02903c48b6cfd65d,0.045830342967738386
ck_b153386f1729de81,0.04738204898038804
ck_36979996f33498f7,0.6214171954979492
ck_3c02d4dbbf6716b6,0.06390016653223038
ck_66c9a19963957531,0.2674716623731968
ck_bae8dae7cfd8baba,0.011214072992085891
ck_bba0ccc6cd968680,0.18121334646936124
ck_3267fe3aac05c71e,0.01717788020765273
ck_40052cac10562cde,0.0364758193616339
ck_d973444855403e2a,0.3514436768261299
ck_012519bb095ad36b,0.9831855110965941
ck_ad7c256ea10c4a00,0.7144132961838084
ck_70a60e095e9b706f,0.06157740512245531
ck_f2734417c0db4ee3,0.011251044598563019
ck_9cb89cc3178e0172,0.09349076755918112
ck_779cc0f2de4d5488,0.6192734844310712
ck_35f8656bf93e3b3d,0.18172331042629425
ck_bdd8eba728800e29,0.41035910925583446
ck_002cf760d173f0f8,0.22121020636396435
ck_b046067c6ca3831e,0.02549506051156704
ck_a4a42d4bff8af645,0.1082536709181751
ck_bce253d2396681a1,0.24537131226216483
ck_00dafc060c8de32a,0.2754641432576648
ck_968a99e097ee78c9,0.31701840078154275
ck_66949171b387bb93,0.11987546565153419
ck_ad305286702b1958,0.01855433638314265
ck_4732da7e0d2dfc7c,0.04406928637307475
ck_17a95bba77217d85,0.36864668863391264
ck_3e2516a3e35067e0,0.04812258370324057
ck_0b615ed566da1f58,0.18390442519376954
ck_d2b3ce1ebabe9f93,0.08055846949709565
ck_a892252e4e0c2828,0.1370633569754812
ck_cf606fd6ebfdf9bc,0.019501111887669533
ck_718865237134ebe8,0.02599286458274302
ck_878522cb775b904c,0.28358945229223315
ck_9ed53de6ef779ae0,0.006153939486374722
ck_3f16e2cd7e6874cc,0.2683148817166774
ck_3c59df37895ead2d,0.05230948674711171
ck_6821459b626d492c,0.04630745665583475
ck_11c7667920541587,0.1286539116786379
ck_23a016cf6b98d89c,0.36864668863391264
ck_7137eeb394d200f1,0.3260111894904478
ck_9c4886c5c90ddbdc,0.044727235397430114
ck_1422a7bf7756294d,0.9584887506022521
ck_7ebc5fa7f0d3b8f2,0.2518330885724672
ck_fcc2059a8d5c41fa,0.6377510159195265
ck_00ff7389d6a83e29,0.22726163367600818
ck_03129b41457795d2,0.22768345153697664
ck_38ba64efa7c38250,0.20625974933975813
ck_57a6b56b09bff24e,0.07945398210377881
ck_e3b3c5a80a567418,0.03633550637040281
ck_fc40a16adfced018,0.0390249311341468
ck_9d4b5e6b43bad4d8,0.02788686091171035
ck_61129937ee466b49,0.21003279191557478
ck_74112e47b8629c2a,0.42044953826380654
ck_b4703ee97f94d7fb,0.03812678083199655
ck_e560f720a988d8a2,0.9144295164898674
ck_708fea345f68037e,0.024241140844377874
ck_25394c1b83e0b803,0.1134193516555468
ck_17ab24fe914ae44b,0.024597350833060937
ck_16c501470d9bb006,0.006080836171107453
ck_628f449e248c19b7,0.27918814682448573
ck_6d64190623dea714,0.12751658374567115
ck_504a45ee08db72b6,0.06386635803793146
ck_6cbb011e0c70bc7c,0.08375423207778016
ck_b3225a98acd04f83,0.06824046617519415
ck_aa37993f1c17cd1e,0.16643592076602187
ck_558cfe5f77a55a9d,0.07208407108921457
ck_0d0a1a021efea5b6,0.26620151794040753
ck_daf7aea023b7a8f6,0.4857175603382674
ck_d75f25184ece2b51,0.06136342853676664
ck_466d4b5366c50b98,0.029117282542997756
ck_88f27ab479063852,0.2196646065883754
ck_66779098e78c1760,0.048346476611235034
ck_b150fe4efb449b05,0.03666038743495712
ck_9c3aa9f23d01fa1c,0.0414181031161276
ck_6a01c375fc26705a,0.00815207423268929
ck_002eb6552b504ea1,0.08200155282572166
ck_affa5aa0bff9bb0c,0.2073041035310702
ck_027614eeba8b1a4b,0.08262856922977502
ck_67e075c982add719,0.10965884859094832
ck_399b0d510be98bd2,0.06498225371573449
ck_e9b0bca7368555ef,0.010340685666122427
ck_59c29d9c57b4f994,0.020598435077567794
ck_37176850ed68831e,0.05419287441527478
ck_a0db4ccca08030c3,0.968663820006798
ck_aa188e5c25f7f42a,0.2384003744963965
ck_7de6997178207800,0.007176425079109178
ck_c729d19053387be9,0.4918520194847442
ck_f2d3e3d90608596d,0.6223332625008764
ck_2db3fb565e0211ee,0.10770985643175153
ck_bed8a480e27e911e,0.18820984544043567
ck_d7ad9921a4d25926,0.2909181517332228
ck_2a59f23fc5194699,0.4829228067147037
ck_63601a58a6120d8a,0.34727326792736835
ck_efd7b9e22c6317d6,0.1519568418022528
ck_9ab42875a0f95b43,0.3746088999055936
ck_85cb5033fca7c846,0.2614749364035318
ck_5249b223000915ec,0.10914595626088856
ck_3efb0e9bf25612c7,0.015242877559317506
ck_678e74532ac19700,0.47045449274446144
ck_a980b296c95153f9,0.12971671129814197
ck_01ac687ce0d696a7,0.2544676693945486
ck_52e1418cf1aa9871,0.15914226485478802
ck_7d28da4f1dab09ee,0.27811697744817926
ck_010d0c2e6c1657fd,0.6336672992574567
ck_b524f7a2e752b9d0,0.06301495509389683
ck_cc447fcc24a0772b,0.5022272310983127
ck_2cb3c99845e572da,0.011880732123015074
ck_604c710141327a81,0.1559602750657856
ck_8d5fa65717d2e0c6,0.06196121664864801
ck_31199510b40602a1,0.19248127588374472
ck_49e253ea12f4e922,0.6264237964780851
ck_780738e0d71e7e43,0.023896747633617137
ck_2cd21137a07fdd7d,0.06096738229062388
ck_5e021f2a3b66e256,0.43410580751257555
ck_efbc79246e32c66a,0.21251876035203646
ck_9951bd806c13c7fd,0.39254245507791363
ck_7a52674e2806d8f5,0.17807840270286693
ck_1a319e509f1efa1a,0.018315350258934656
ck_c920901b9a4ba993,0.9635827004967371
ck_b71279e807d0b3a7,0.5735145423138688
ck_47e1032f490bb018,0.1303709906109219
ck_192579ecdca7ff83,0.23268412401808602
ck_b1496c474c4a3239,0.006815587557523782
ck_5e68ea2c5e893cf0,0.22521694252536437
ck_f2ecab85d4693b4e,0.023796036247332293
ck_89d7bfc81c3df597,0.33034194579656884
ck_7929284327667791,0.7509419887556672
ck_494ec63c5ce8e150,0.10664568964406569
ck_319b059bb2145586,0.33350295921844214
ck_ccb3767c239018c1,0.01895713220352523
ck_a1c7adfe26e09a8c,0.24811868453964186
ck_0e13c4f73818149b,0.14779625743228406
ck_c285a51ed6214f52,0.17794463696819607
ck_916784595f028226,0.5924072479500676
ck_6cd8e0196365c474,0.05914231288842326
ck_57b657aba4daffde,0.32666766999309205
ck_562c76a3753fc7da,0.827147917186364
ck_66cfc1ebc9a513c8,0.14623489662851571
ck_0f38d4aed68d7d24,0.4946303390086337
ck_d8ddf5e99f7859e4,0.2673349220953396
ck_41bc3efa0fca700e,0.2652222693036541
ck_40799e129fcf42c5,0.1781484970372339
ck_786f079389126e44,0.2022788768810512
ck_bb4c6b713eb0b978,0.5251772389585416
ck_4f01f7eac0efaba5,0.28639528814582416
ck_47d29c01b20cf69f,0.14931023799387647
ck_bf15a1f8d67a30d3,0.12636946476737196
ck_bfecad7586f65e4d,0.2777691489735693
ck_fc9f16df35190eb4,0.649568612396948
ck_c09c914e416edd08,0.03545715471710324
ck_c54c5d8e4433b0f2,0.1479489735463845
ck_1694c28f44480e98,0.07752498554404966
ck_1dcaa3078dbb7571,0.010069644363133956
ck_af559f990c640e41,0.11536605461528927
ck_9b436162039a77d0,0.3581118573978432
ck_79d62ef181bd0cd8,0.09709121264633122
ck_23caafc2cd34242c,0.1288087293038783
ck_ffe2aa26f597e552,0.0855743356799931
ck_e6ffd0754ac08661,0.0668402735966896
ck_beaacb4a783db21f,0.011608669363054326
ck_9863bff41d24ce9b,0.39706643724609353
ck_323b9cc5c49f8ea0,0.9009061798319766
ck_ab3de3d3e41c2082,0.03925311681344803
ck_35c93b2924900376,0.023267796848275575
ck_5a9d5f9901e37e31,0.30497148729786794
ck_782b0be796164335,0.011530974494408427
ck_11960b5f1c7a5e2c,0.1321147526161301
ck_9a66cb13a9884cc2,0.18651212389339653
ck_ba666a425930615a,0.021873705228463047
ck_40140bef4db73741,0.05959822033015084
ck_e05e91cc180063d4,0.550007860569036
ck_c7f6f45710bc050f,0.010620836220076755
ck_055fb9f2e1c8c934,0.4016674882603799
ck_58bb02d98e2b9cd5,0.11313952213159073
ck_d9f8efa6a7800f76,0.024194148504881007
ck_69691226c68fd50b,0.8376124297570872
ck_6f2f0396e5b1c538,0.9141843378919892
ck_78bc3f1d0f35ea6c,0.1127476520044134
ck_2d5a6b6636a2596b,0.049642494361649615
ck_7878545739af0a73,0.02003346921870509
ck_03c4fa4f3ed3512e,0.008343793796655901
ck_1a9e51d092d62c84,0.8082461830575337
ck_9f3861940d8d873c,0.026015780924045516
ck_4684fdd61c6a0fac,0.08459704100718143
ck_715966f86d5c913d,0.009092165381017973
ck_77f293d44b4a3d2e,0.19073662989709214
ck_24dae044dc05f849,0.35503386124229763
ck_00b9818e2064405e,0.5773516279875219
ck_c1c2cb49c3c1b0f5,0.6594688906463712
ck_bed50fc64fbbf8ec,0.13416367963552336
ck_4f6ed5ea5ab7c429,0.03733922729701098
ck_458531c22ec2f9b3,0.28336933912659806
ck_51c50c4c443df31a,0.883873669140326
ck_732d45bd578dc39d,0.31304873689983537
ck_783fe5bc20cd02db,0.3856615077798765
ck_7f188aaa63d1d442,0.24970943180602775
ck_ef307a6aee38d1fe,0.9487139994057144
ck_e37196b20968b73c,0.43294361949694515
ck_4ef9de711c3d93b1,0.05444564360002402
ck_17946516d5df71d7,0.055987219468858124
ck_3534be0f4efd313c,0.07447224855582307
ck_29fbabf855cabdff,0.03755630464454182
ck_191673540d8486af,0.1289565673786648
ck_5f52728d777ff2c5,0.1626351717922093
ck_a045a19369016818,0.9869046615584387
ck_4eadbe7298b15e96,0.12893561948982532
ck_a3a0bd59729fe619,0.16910104000208123
ck_a1e77090b1c6ccf4,0.029074039647506197
ck_69ab9d4784eb77bd,0.2572492995732033
ck_baa47383ffd50f04,0.060454139099247066
ck_e35b2ed08b9e55a7,0.10834453638780367
ck_b6e3af0a5119d9a0,0.45430887049001556
ck_a7c1dabf3869772f,0.31093337066103083
ck_80b8fca67a14e0be,0.5810918187548216
ck_dd9c5f0c42878e67,0.022328869410129508
ck_41ef7967faf5ce82,0.004601298284201809
ck_a93560aa348d6225,0.14682046123910591
ck_ffe91d6f0bd93fc6,0.37766628213226316
ck_fbf630c960194033,0.03287694010978512
ck_497ed60723283c0b,0.06476960373874939
ck_2a46b7ca55239413,0.1218998903694144
ck_1a4e5ace078dd782,0.388772156358287
ck_616cc31910f5de50,0.04165113887939218
ck_0d65bc749eb42710,0.5023749275253102
ck_2408db62e4395ccd,0.06732070701775408
ck_5d7721930106dce8,0.23774366409855727
ck_e8a6acea22b20312,0.44452507795265944
ck_e2f792fae128b18e,0.7035128615191488
ck_e6d3ce445b86003f,0.01183281297085533
ck_263334d722ecbc97,0.763142801934091
ck_8c5b29f6666d4874,0.14376845803522623
ck_7ea0bf310fc20c7b,0.9819307029516458
ck_54d463f7fd89ec3d,0.0833002790365138
ck_79e45040dbdd6447,0.23261495819366576
ck_60b4d59953505682,0.8928744385401441
ck_fb00dd5021642507,0.37574094498940663
ck_f409ff994a210601,0.32578805012873635
ck_2ca0020038bfec58,0.5400225569997541
ck_adf84b9df54c3d80,0.18751859376406788
ck_942dbf632591b65d,0.1765417714400925
ck_454a7e4d859a3409,0.013227712041070021
ck_2139062d4569aa07,0.05284964847341353
ck_e949a0f4df0b3902,0.296137869136746
ck_bb113e3e6716ed65,0.18186892240481867
ck_6a28ea6ce69cb869,0.27610618824936245
ck_7df9910af2bba21b,0.0852388338773827
ck_78aa4b731cbfe251,0.23749530970918195
ck_5839f5cbd8165b1e,0.02837299651928481
ck_7158ad9e58769ffa,0.47687200818921077
ck_acee218cbe61df69,0.2344104721945444
ck_f8dc8473c2772729,0.16116949137171768
ck_f34c93a8173555b1,0.40560052391988644
ck_7cf301d075e4e709,0.04249985335888401
ck_b87e88ee5512ea17,0.021553464712555506
ck_bed0c020b10afa3b,0.05793818691725868
ck_ca10102961f99eb4,0.026857477115956728
ck_393287947b5c8d79,0.26272936282079806
ck_2fe6cac002142f67,0.6100921419156203
ck_79c7f0d29b1db1cd,0.3095396239943146
ck_c735b643d3cbf67b,0.1307358699395041
ck_ea4332c8fe48e2a3,0.060455444353315936
ck_d39864119cdd460f,0.018130811257208772
ck_3b963d6be2773861,0.021362488964946913
ck_df39e3b8a9fd0bfd,0.9206917402509801
ck_6236a461dc0d11a3,0.01708525353739632
ck_475ebccca25e30d1,0.22732481856368364
ck_c10c8bcf5bcd516e,0.5100740172164918
ck_49ccc3716a564256,0.048366659810401655
ck_4e4f99102f6938cf,0.05252335058231698
ck_a97b481ade6f7972,0.3288782878362573
ck_3fa559c679751b3a,0.11783121015887421
ck_3eba1fd2c7acc4c0,0.43090756602902297
ck_18c179b4afc4fccc,0.11202003404208867
ck_cc1c0b93d05b7d20,0.6403736640095231
ck_742f7c28ddd019e8,0.5845257011204013
ck_04470bc93b8a0d71,0.19980165207578968
ck_6e8f8ef7a03cc6bf,0.2746177908783732
ck_eb1ddfc353b4da83,0.033221224534177876
ck_98831b57c7ca2e4f,0.011121074734323642
ck_a6c7b8d6e8596d4f,0.4801691184643687
ck_cd7d24e3b095e96e,0.582762064412685
ck_3f5ae4673a9f858e,0.04212030569477025
ck_05f375fc8ae0afb0,0.1928343543387187
ck_1fc98436281ee39e,0.05360491635067214
ck_6c48c58678f64bae,0.017689858124921017
ck_8c95aeec6a4c75b0,0.012615504990144988
ck_364cde38958b7af3,0.6605276585836207
ck_85bf21aa1a00452f,0.03572240383062832
ck_796d3eaabc667c23,0.9831172583664343
ck_ac449ee0c315edde,0.014775030061835823
ck_6f9fd15ac6b163de,0.022272843583041338
ck_4087065be2a45ad7,0.4023390332086817
ck_ecf006bbc78ee3eb,0.7786859379634492
ck_8ca808cc5a49cb5c,0.40006067001801154
ck_94b90ab8b2dfb50f,0.2055493641703803
ck_59fd11b3232de9dc,0.9809309149735832
ck_67f3794d93e2dd67,0.7545651711001957
ck_b7f5acf5df1bb13e,0.05667876801370841
ck_fb04ecbaebb774bd,0.3311716406104221
ck_68ef3e7301c621b7,0.1891515107330672
ck_41406cfa209b6bda,0.07605639023643426
ck_b0f8f5408662337b,0.011611990807861308
ck_0d2901bfe585c391,0.16846207340545274
ck_3398551e81dbf3db,0.309210151175223
ck_61c3e3e277629646,0.35152411538519446
ck_2825e34dd3e7ea2a,0.11658305984906497
ck_20d7571ba830009d,0.05693119934128893
ck_c98b16f9a72a6568,0.011318356872985434
ck_e7c8a9e4641eb9ed,0.025369749384804234
ck_254a7c97c36dab8d,0.5159403300497616
ck_e98429675b46272b,0.03573892885655725
ck_c2fc0ac460786d02,0.42584460094156107
ck_fba15647b3a140d9,0.08042903561409498
ck_15ce50f2704227be,0.05741632271216231
ck_8c748aaa4a4554f9,0.11539345332201385
ck_e00e82a9419ff086,0.24057832719212346
ck_832341c98254bd84,0.16889029925096333
ck_27466468d06db4eb,0.3159149012220077
ck_9d7b9e3ff1f3e71e,0.12409203968336491
ck_42c6973d3a6fe983,0.005622128967515002
ck_877c85bad118bc62,0.5246842803556828
ck_75d2a2715259c4d7,0.6369981075336725
ck_37d3e5c681a2214d,0.6082416502433318
ck_bf285dd49f372de4,0.12768612420685846
ck_a5bdd026fa9c50fd,0.06904668824528165
ck_88d9244a9cf7a77e,0.7508201804567716
ck_5881b174e49b04ee,0.014862193687879492
ck_5b16d67c5ea89930,0.18561956329032633
ck_b75b936aafac56b9,0.10969764684617822
ck_aed2681e1646a0df,0.18443882139212822
ck_f63cb5e8cc702bad,0.07459900365084264
ck_1805fcfc4a9e4ffa,0.9474699254000635
ck_25c355da356c730d,0.3194929268526083
ck_70396398e4a96449,0.014416069829843475
ck_0f743bd13373748e,0.17717522479714623
ck_4b387765f0e916cd,0.03048999911985639
ck_e971faae8a10a260,0.04788269594280903
ck_9eb08369e983abfa,0.03838231029661456
ck_c30c5844512e429f,0.46503038794139817
ck_59e77e3a81f1fa0d,0.4766944486323785
ck_ca4465f2b5c1a52e,0.9832533276799067
ck_c89b9ca398402f1e,0.022606271231583323
ck_36e72ef9273e7a95,0.10921260223459767
ck_2bdd8616870e5e1c,0.059029219591570425
ck_216e87a41de22b5d,0.5321961027749136
ck_60f4fb44f5efe3a0,0.03731164619780733
ck_05652e8ace6ce6cb,0.06015232385941758
ck_8c136dc691e65695,0.013677983797696629
ck_a08f8dfadbdca112,0.03732902967822567
ck_bda4041a3e90d860,0.3481077126417076
ck_15dd3ecaa8ce0245,0.9093643144399665
ck_3e3c64b3b7876ce6,0.1352608235671696
ck_46225858a38b2e57,0.06351507684358147
ck_0cb9f54928f4feee,0.07756624471832711
ck_152671fbf8a9a78e,0.17168377664564968
ck_ee7a515e87d17d4e,0.2417374569934869
ck_f7276091bf513d22,0.011513145111874205
ck_4f05daf1cf0d5755,0.053374071365958384
ck_83a69c4a5d55ef19,0.23334879276941076
ck_c50fed2a7c9198c0,0.11144525200556088
ck_70d19d5650ddc8f5,0.196661672836866
ck_4b4d99e443618904,0.2047196118260391
ck_dca0b6ca93311ca2,0.2197569097472503
ck_b7431d4706461ec6,0.19394718534743707
ck_7b59d22cadef3b05,0.8772757385605351
ck_53428573abcd606f,0.07903052961244175
ck_f538ab6aecf2adfd,0.009936785059939258
ck_d321249fb065d2fa,0.651541272483136
ck_72fdfc7e6d8e1436,0.01597000133685259
ck_b52b99dad89ecdfb,0.09774462042547571
ck_d2d4282f9d256b3e,0.02579663191122039
ck_c8f2a1dd8a6141a4,0.06371873206979796
ck_8d38747058d0aeea,0.6875027801382841
ck_3ac528caac74f563,0.42198387190124187
ck_8dbaaa00ad829ca9,0.0856412772510141
ck_7c38ec898f0fc21d,0.10199728833723413
ck_8171ef803f5ff604,0.24925544399297134
ck_01a750db6fc1168a,0.1172129412298479
ck_ceb017baa26e98c8,0.4820590461535464
ck_e2c66c72cc0b0f78,0.25593457682386767
ck_8d9518f64b222416,0.04990359517099802
ck_804c5a1fa5753617,0.06420854915369775
ck_fca7cc9c42695453,0.04160961732254568
ck_3a632cdf2c19051b,0.07498662093906439
ck_b2b63ea65edf1dde,0.26028798164704897
ck_27b07021500ee841,0.1310122135804808
ck_9724718fe64c6557,0.976379939138136
ck_2786cbc3e75ec034,0.6897188466115578
ck_d9c2622cb6df380b,0.08576558688940089
ck_ae1da8ee98e402a4,0.16881142295290408
ck_62967b91504149f9,0.06724809581599078
ck_6b255bf68709109a,0.041591969485447786
ck_c55afc68421d85e2,0.0689386765543765
ck_7c7266f6ef2a8466,0.18781898246523995
ck_885cf685a9541190,0.7630957588933149
ck_1a4bb7d3d2ee3227,0.20647668611762057
ck_b4911c42f3bff740,0.012358161517020962
ck_66f9f78d4c6a3edb,0.412210158997256
ck_49bdba9ee1899dfe,0.051577800351811955
ck_79b235d51718435d,0.2591025316676595
ck_d840db8cfe2ef6f1,0.06688586594906559
ck_610c7bcc1cd7ecb0,0.4163380723502274
ck_cf49b6544aff6c50,0.8224982369616379
ck_de05f97c3d40dd1b,0.11444388956021954
ck_0302f67d75973dce,0.16425584794031894
ck_54c2604c9ca6256b,0.22635530771906576
ck_a1c88c0568f142d0,0.606094894481677
ck_5d72ff6cc2963d1a,0.036597205356823245
ck_0446920a1004c596,0.02980103853383613
ck_71044c29ef071570,0.21607897628972914
ck_2122e9bb1afffef7,0.053734274803785606
ck_d1e3de178601d3c2,0.3033528815732231
ck_bec8324a3587ef04,0.015624045533417815
ck_b616b6f45225f319,0.2389845085004167
ck_ce1e695884511479,0.1712039442265004
ck_a662b4bf900781e4,0.021350100087677182
ck_b5a84c5547378c10,0.012704970003671517
ck_f80af368cfc6cb7e,0.05935327770371134
ck_da3526ab6c5c884a,0.07024792759666305
ck_bd20be9a3392d79b,0.057347364113728656
ck_b8266dcd90cbfa62,0.041557277217217366
ck_ac84b33304362c06,0.20163152616693486
ck_794d8935a895e33f,0.1737751091751615
ck_8fea7d915259f1be,0.011120245131028848
ck_7a1519ad5ff45312,0.007793026905323654
ck_9bf3ce30b65f75c7,0.24581873066093687
ck_5f864d72d1eead99,0.2761407770804038
ck_3c48e0cfc2a58041,0.8379297281155405
ck_d902183f80cc81fa,0.48849884682792727
ck_539cb0d117db8cd3,0.7788858724405512
ck_28f530aec8e77130,0.24278683351033614
ck_e7d903c50d353361,0.3771661917038001
ck_d288b77d1e227970,0.15338335059779795
ck_017208fcc01b5d40,0.0463856150903045
ck_7e3923d278a5106e,0.1249533523189788
ck_9700a00ff9e66216,0.2383656895343576
ck_5c36c78b7a4d138c,0.5719830858058629
ck_c457e9c9224b773d,0.06009107177847794
ck_1dfa91405d7e66bc,0.07579980180404043
ck_f1d8a2695a575e56,0.059687028972565136
ck_3b92a46daf8d00d2,0.09427477663747283
ck_aab23b5470469649,0.4029997398150418
ck_ecdd01a391610d99,0.025189701133462302
ck_abd3aa292f8edb4d,0.3379644378841362
ck_7fc9a0776e1339e3,0.1092283782081117
ck_c0389ebeb0e65cb8,0.0349543143295672
ck_48d0fc4f6a2109fa,0.9875919425326103
ck_571dee4f3336c7ce,0.15432988684513846
ck_4cedf26628c84f26,0.5890493673118581
ck_63356762d24aab81,0.08966238781285654
ck_2c5bc11bb7ae5d2c,0.9943243679115217
ck_6d26a152f900fee8,0.1327663165198781
ck_c972b0e781efed3b,0.050954060243713885
ck_fa0ecbcf9a33d6ce,0.021203741556626847
ck_fa3a766e49dc77ae,0.15314796516468182
ck_7baf1e55db0dc558,0.17758632719914877
ck_e8bc49e6494c1f37,0.03949458569363457
ck_8ef1d05cc1e53e7e,0.1820234667342232
ck_cef2a485a77e0723,0.025083379556704977
ck_228a583f23abff48,0.19013855747052727
ck_ac32c6e374782b27,0.20116953166960463
ck_b9485218cef413f0,0.062257676147640766
ck_7f15503048915d6f,0.06349220499853045
ck_b62f5144db15ad34,0.827087780537599
ck_917d82c552f95a23,0.3929574656249344
ck_fb4797045077bc6d,0.014591638954011105
ck_2cf8a44e041217de,0.10192258803258426
ck_b7dd681eb3d2ee38,0.024202022929734415
ck_e9e8cacd2fa35e79,0.14366440046717627
ck_342a79f91de5d1fa,0.23828722434628466
ck_2c91f62c05685ed7,0.029578662262587735
ck_e30cb64302939f38,0.3534151860657345
ck_d0e95b90ba86da10,0.11981052365982328
ck_1774faf414a5d49d,0.863032992764809
ck_2401e8ff89e574fd,0.9473152037694637
ck_0cd8802264e0a1ef,0.12681713379746742
ck_da84a0dfe947fd3c,0.025844770586185336
ck_c8affb27ba7fb5db,0.3551674334797233
ck_bc7ece8787ca7200,0.010494924198850944
ck_469a0578d05990c2,0.07325200447030972
ck_eef67f8dea702338,0.4599891224882048
ck_4f490e379e9ded9a,0.02619055081841444
ck_354379de065a8ff8,0.03442841494476882
ck_5db1cb368bc41ac3,0.03190837419634339
ck_9b1c3742dd6fcb8b,0.2670522409317199
ck_63ce4f44c92d7143,0.06527035642181962
ck_e15e3390f5ed45f3,0.3376850092757976
ck_da645ea91d66aa6f,0.5142164329951423
ck_834ca727df855f07,0.35047505722719113
ck_e1d5ad20c737c745,0.27112904977707447
ck_ff8059ae5fa5f1ee,0.006571300963023829
ck_8bb9e75393954a1f,0.013007440218754896
ck_4e1757d1347ab387,0.9699095336531427
ck_af3f74b1d75a5d95,0.08351520679551705
ck_6b1ab0742ff04c3e,0.1879497717637423
ck_f56073911c9f1ab7,0.02846919936694589
ck_51bd5f69b4fe0b92,0.8259924868303211
ck_fc3d95030b81f416,0.005778628419821225
ck_cf78169633a1600f,0.023078135124265545
ck_ad7269eaa65c67f9,0.18532200076237926
ck_cc6d33890d47a6cf,0.2142813131374314
ck_bc8f31f4a2ffa1ae,0.015336977530606399
ck_720776a46e56dfa8,0.0845488132130782
ck_e2d1f212f259539b,0.06989924034376346
ck_eaf6f7082c3db2bf,0.30012924809383934
ck_773efe58c6278c3c,0.27133516302190547
ck_c4a72c09f2fdacc4,0.04748472035283327
ck_8982888dd6611143,0.01786996694215866
ck_9d5049e195eda029,0.2927778425121528
ck_de58ef6f9fe2b546,0.18023122075352568
ck_c0b50c11e4f5adf7,0.09003453096172437
ck_ddaf228487858bb8,0.6220877069401481
ck_eb2323215ff70362,0.2671255360687146
ck_168c96a1a636ea15,0.10638533525675105
ck_9c46711b14d9eebc,0.008260466581417084
ck_de8af660806b97b5,0.016852696638439118
ck_6ab83f45bf16eaa6,0.02376416438444428
ck_bf2228a052815840,0.026451973433927804
ck_3f943f20a9da9bff,0.11299589981065217
ck_3baae40454c00938,0.1475494302797696
ck_bc2e771a1d8d2dee,0.49326733518596244
ck_e55f5ca37f30ce8c,0.16068298547177703
ck_4ad5937bef176d89,0.013308575332057737
ck_126531a9126c17c4,0.010160556526438344
ck_7ec423cb56257516,0.19581458890234857
ck_54748ae0f2daaf10,0.1631001273525872
ck_ff24776280ceeeed,0.024370545479732792
ck_3c3a1a1365741bba,0.009338144694897858
ck_615277c8a4e2b18b,0.07204077556868728
ck_a96aaef34173aee6,0.25792987808389667
ck_bea56db7f3e930e8,0.042709545193691696
ck_ca491debd3b32a59,0.3728669038863302
ck_d9ea77f4114a389c,0.01753701194265878
ck_322ffda3332d08a2,0.144323664424535
ck_c40ffefe4e30b001,0.4416650875115024
ck_3b1d7648d4580bef,0.013308431277315277
ck_23981a3261674131,0.06844519985062807
ck_11667f5b9fac7bc7,0.039837504605690396
ck_646bb3c7be5f0817,0.028720948304490842
ck_ebd0a45712dcf07a,0.32675056401960967
ck_baf43bf1bd963f9f,0.2918033626571014
ck_e0ca2c819658f6b6,0.9894001557165116
ck_f0d6633d0834fff5,0.3232105210760765
ck_91081be0254878a5,0.13811384409357957
ck_1325000bc7f35b5e,0.04750395239005455
ck_c624b9063400fa3a,0.44264698238824207
ck_0ad6fa0e23c3bd0a,0.4241025937075854
ck_6ddb55b1f23c6cb1,0.09127441647514285
ck_dce1fb3acd65562f,0.13813006480653148
ck_a9aa389688ee5aea,0.09121477062059348
ck_5c5284c45d9ad8bf,0.6130446287793818
ck_9ce743dd3e92549c,0.3344686831528894
ck_8342e08cc2f9bcb7,0.04919909652990771
ck_25e551a0a8d2fcc2,0.15292948420828317
ck_d4fd0e438c97e0c7,0.44459798692451885
ck_ac7fe1c344190c50,0.18438684632454796
ck_ddd65711b5651f89,0.018853131534343683
ck_ec7406cb5cbc8f10,0.137697397362877
ck_1c65e8d5be3b9c60,0.778612951009062
ck_38ee42f15a573e81,0.12291807783886238
ck_0e5385c70c6de025,0.01758904460056204
ck_d3137f0f7629040b,0.12004977149348704
ck_9129c92c12e0c8b4,0.04047438089758412
ck_c86520a00e50a926,0.5110267282397165
ck_87f82b2b5fee757a,0.3667390201863367
ck_643abfbd7548d0c9,0.6167229127186038
ck_be51f4e5e6b85768,0.6560030542656471
ck_132c16312f37810f,0.016608219235739026
ck_c78c096ca8cb33ac,0.028008044202479744
ck_2ce5afbc014763b8,0.24654932374421065
ck_50ed8f4e7ae6710f,0.19005534451288372
ck_5a4eb535c9a11993,0.1464828319290737
ck_9b665ef46d785324,0.08705881621370559
ck_e066f71f8b296b7a,0.017202223144333
ck_560bc6017870ab06,0.08960002336637331
ck_fd78f8a8663646d7,0.0972377365857923
ck_4af5ec61ddbde1a4,0.15753809315165165
ck_c2ed04a9d218410b,0.062352527900048645
ck_2455d43bbdd2bb69,0.057705422788842914
ck_56eed7041add49a1,0.7251501030505181
ck_5f0be7b468a72333,0.07540030749470586
ck_19660cec756632ca,0.024150674445068528
ck_fb90408f4892a21f,0.30842471565175406
ck_833a65b86a5d9bda,0.026686060701645517
ck_2ac36e1dff211d38,0.1320325719079055
ck_c00e70606904539a,0.15194181670999
ck_ba8affe4b9505a95,0.6211555156498028
ck_0c3dd22587b08018,0.07712148910327705
ck_618c4e5cfae99dcd,0.12493090483593407
ck_c9690baddfc4177e,0.024621233799777414
ck_59fae092fb0c4aa3,0.3865988985356799
ck_e03b7d0fa0b28f4b,0.00929646134321412
ck_d451d24c780b5884,0.20598272165876758
ck_e980d325b8dbb8dd,0.0046310465372742275
ck_cff18e2d8c520272,0.014562394880814703
ck_a0e46b67e986ab56,0.1734917596602472
ck_3a469039a5b9d963,0.1767956371323236
ck_12cbb211ebd2b437,0.15489700577373716
ck_b8cdd6d6dccc4554,0.06282777585172168
ck_794ba5921cef50c9,0.3529820320715904
ck_2c7667f64edec2b5,0.1624924616590907
ck_7262b4e0c29c942d,0.17044081757441343
ck_5d818522cbfe2a54,0.23586309835187078
ck_de39c1947fb675ee,0.3737155713312193
ck_c021495606b4735e,0.11118662769435388
ck_1fc03ba33edd9e67,0.29579469311323836
ck_a6fe344bbf67f14b,0.30203842642043005
ck_963762210edc5694,0.12640106015597
ck_d064428b7e7dc409,0.021281576557900993
ck_59be61b53d971611,0.11062198913173682
ck_ec8738ec663cd2eb,0.17438998029873806
ck_59d086fab5998646,0.1605132374079885
ck_bd32dd3b2cbb7888,0.9845531275644376
ck_ce0166addb93bbad,0.04396644169172368
ck_7c0fdfbb447cdc04,0.021376030986853107
ck_cb1bd7635968ed8c,0.6440914099152121
ck_66f94903177f20eb,0.10538240378289739
ck_1d7cd5dcbcdafd7b,0.8620389436134007
ck_5e418a7c04437b4a,0.14662727171843315
ck_631ea1ae91ab333e,0.31084759035167103
ck_0a8029e79a5ae7ce,0.1251673645451257
ck_c4cca8278bdad9b9,0.025871138994027244
ck_4dec3df58077a257,0.2618145880269806
ck_609c249edd88c565,0.040129747808245055
ck_02e5f9cbbbf2f078,0.26905336699576893
ck_32e486859130458f,0.903073285513027
ck_21ed2ea6386c5a07,0.019281179656392092
ck_1242aa4496576a99,0.02611664166187359
ck_475ea9aa6d3898b7,0.4816179975188355
ck_fe1b1adae3be70a6,0.9247950098533763
ck_c5414d7a8031d4f5,0.037951344206529465
ck_ca1f6f01868e978f,0.24513933651238254
ck_5eff0208c74ec714,0.3026216485491923
ck_a315c9619a317609,0.265231430549811
ck_2b87683c90acb852,0.24755662819651753
ck_7cd9f39c50748ed0,0.04919735174552774
ck_16a06d58d71935bc,0.5689079295136682
ck_d116e0e7c19b878e,0.7038439401378761
ck_931510e384b1d0cb,0.21439499135344406
ck_e7651fb87bb24132,0.02513307841266427
ck_88ef9f85948e1a01,0.028385326584255428
ck_17bf38d51115a8f3,0.018219645893889837
ck_2659d1d3762a2825,0.27985283149101153
ck_a7285955e2852686,0.07680498648243311
ck_f2c33d5b65b321db,0.16334788953002016
ck_83e5979334345622,0.1299227594132246
ck_629537d8b4d0f395,0.04904187642593991
ck_72022008a92c9386,0.3531447800469546
ck_2973b8274f0bf69b,0.08485439137728679
ck_565e3418d2f4061c,0.09340199005780296
ck_54bb53b8f8ea32ae,0.9973967622676079
ck_af0a6540ea7a36b2,0.35425703927071023
ck_888651bfc2c8cf70,0.022235055523280936
ck_1dedcb48ac381a1c,0.6571681272410201
ck_f73273e220296be8,0.08031409082308288
ck_8424bf65223a5a9e,0.02538677768283286
ck_337b930fd149a696,0.11369180112613703
ck_8a4952de8a123ef8,0.05590614763524532
ck_884168153c9c0c81,0.02552422517179997
ck_fdda581aec411010,0.01151110131633571
ck_2b7cadbc8b180d32,0.9626721888141337
ck_8aa8b9968233a1ab,0.00964707001552546
ck_0af18b3ce015d294,0.02462973914633398
ck_8dde670a735d1e90,0.41349210459994395
ck_62f46226f244139f,0.2159528438722456
ck_f948e8a8fdd79b4e,0.20868583121006404
ck_fa00aa0f3e859904,0.11494020558939566
ck_fc7935f784a4f249,0.0901243281505778
ck_e7501307c0698e5b,0.2268309239207174
ck_549ed417f2834cee,0.28804635999182154
ck_fb2a35571ec719d4,0.3092283179481443
ck_25822068c86c856f,0.02982812219994078
ck_8f35d229b62c8f23,0.07110870446992343
ck_bdcf049c1e7d0c95,0.11502916531838872
ck_0aa9db36eb16422a,0.01962168264657758
ck_42dcf92e9e016922,0.2685048638731829
ck_42341cf31c08c981,0.16338828305704614
ck_0b20bfc515ba42a2,0.4269638730605526
ck_0ec820b670d48098,0.011137963897617327
ck_1f0bafec397da8e4,0.2831685747132673
ck_82f07504ab59ed33,0.43600833860248317
ck_337b24a474010abb,0.9952772232070143
ck_703703bda38fdcf8,0.20008413830953703
ck_01e7960c63dca3a4,0.9730945513706544
ck_be5bd81e3715cb8f,0.8705519715003733
ck_197f8058cea1fbea,0.0213585730063207
ck_eb3fb1106f2f1b21,0.24431735178588182
ck_658b4b54be09a4bc,0.9674607651194607
ck_266ce7ccf41ccc50,0.054297166794511784
ck_110608c3b03d4038,0.8087642089976882
ck_1be8cb95d6d9bbf8,0.040141217245108114
ck_8e16a64a776afa82,0.9096230079579872
ck_34bd190d37eda534,0.28180434977687274
ck_4f521611ae14ae66,0.02664913970865334
ck_d839798f9520363e,0.3292127436038404
ck_d1bbfd246c0ac9d5,0.05922735007953685
ck_f19030e6e85a6776,0.3468796045186156
ck_cdabe60ab59f9d5a,0.014133268313756312
ck_bb84b2b30293f566,0.694564937545568
ck_427b91925952cb40,0.1545179772294159
ck_1078b1e155b5b640,0.10583345434909124
ck_95fdc264eac72fa0,0.08328234247039328
ck_e35eb857c61548b2,0.769746008720884
ck_69bd0b1abea7e1f0,0.31158517200043834
ck_59de511b20c842ba,0.18801862734526528
ck_168e7ea341a36b80,0.013423546620606705
ck_4937cfa6526ea138,0.2755838195673679
ck_bb1a981306b750ac,0.4641285288706194
ck_f42a43e4c3f34ccd,0.025364200996389093
ck_c7ae1d4b3ab38185,0.056335417681687316
ck_bd23cf9bba1dd33f,0.31251047856389563
ck_0fd826fad7ec7cd6,0.33343018868843827
ck_f143641bf3dd0414,0.3221140445992673
ck_ad6d48c20a3688a7,0.02317924857467837
ck_7bda5b5b927b2905,0.7075309688724072
ck_a337eb38eefdcc88,0.23861504245994883
ck_403da2a2d800df9f,0.5704194634404538
ck_aa01d5aafde73d0a,0.008518215321210144
ck_494954023f0eb309,0.43436757758915323
ck_1c6820fc38135ad9,0.21971243107291924
ck_0e0bab173622db9b,0.06734177883892449
ck_547090bf35a3b243,0.11053027288181054
ck_d69455220b21dc9b,0.028850001185844278
ck_90b4ac695b9c6bf7,0.010979082435120798
ck_8d2afe17c0082e6a,0.12504471476306023
ck_926b81c0ba528eee,0.21660791927232212
ck_ce36b0c287bd198e,0.2692795508300934
ck_8026e017909aaa6c,0.005691165927472477
ck_dfba788f35d4c372,0.05092289625286619
ck_f09f9d0e0886e0c6,0.1660562614054822
ck_4ffe0366df388604,0.0704304581161451
ck_75bb521de55644c7,0.09368937561853082
ck_81a960fddf79ecf1,0.9708314154664526
ck_8f43459991ea511f,0.14581464363640714
ck_f878b68d66fbfd4b,0.013830419258862239
ck_e84abfc0c747c9dd,0.9402850009133985
ck_3ad3fd3cceb56b66,0.9811306347018892
ck_7cf562578c7f158a,0.01338727019711167
ck_f81a97d350397306,0.0983090314475623
ck_255d87b7fb40caa5,0.29293150188645223
ck_b3905153b9eee924,0.17547200696727816
ck_2c80a592fb4cd6a3,0.0342111615243923
ck_57deb202d4188a29,0.023398737911436356
ck_e3cb5f31d8e94448,0.9427820402889839
ck_0db62d5f7f75f80f,0.17817212516762335
ck_ced9163ea85589ea,0.3206873420494312
ck_e16528edc694fb33,0.9732895876305852
ck_78cc5ec4940fec3b,0.0725620575739672
ck_31742076e9a998f8,0.13355927785028587
ck_5ac335f02280271e,0.05401228000612794
ck_7cc2e091806cfa5b,0.355896080770506
ck_3152c7115257f084,0.030153562463922142
ck_ab1b9d019921bca7,0.18560180966021125
ck_c33a762d98f9b290,0.02277594629107694
ck_b16a7c51b6f7a6b1,0.17040157299639302
ck_97402a153348e68f,0.03473530384148444
ck_95391029a21caa24,0.19691501945814321
ck_c2015a1200971fe9,0.5898524401142666
ck_ed4427962c68918c,0.9835849106099176
ck_c5e4a17d3efb19a4,0.8603440402134053
ck_8aec3d3dd51517c2,0.028117515030210913
ck_f5178a658225d8e4,0.034259241986287756
ck_8594f165e95316d2,0.022191925634548536
ck_f0c4aac04076a6dc,0.2201453191865202
ck_ac2f7397801036ef,0.318651359895983
ck_d1ea4bcc407c7d5e,0.02766208857936426
ck_cce8b6657a538fe0,0.16826359295102133
ck_66d0c6d6b67a8d58,0.015186896872255166
ck_1a6b30320835e57e,0.29757064032432556
ck_8cd274cc85aa35d1,0.08964472890331113
ck_ada46085a78280e4,0.39790441504869356
ck_ce1b06623e4a815e,0.06886822117252986
ck_45e70c8a9686580c,0.4574771818106579
ck_0084d8ab6b1044f3,0.10142594611506123
ck_a5f7b6fed6df2aba,0.25579911708278225
ck_94940d783e7988e6,0.021654103796161454
ck_00f9ca84d1d8ae7a,0.04518871433017108
ck_0deb56f3f6452818,0.027276295675368527
ck_a58e900469dfc3f0,0.03794254090463957
ck_028c41b195280980,0.1245237714109572
ck_7661d7ceaeb19f97,0.23016141552681643
ck_6957905a65c47879,0.24943431029037336
ck_f7c6c26ef3c4ae06,0.2896097693268515
ck_8777beb11aabd66d,0.07067156976360658
ck_7db098a17374bbf8,0.9582119756677127
ck_66aeb00e44486cda,0.4371159572608642
ck_838c52cc1d315ec3,0.06144786497105656
ck_1745847cd4e5dc83,0.1103388798215989
ck_201687857ec8b3cc,0.14438837402868362
ck_81818169208a8cda,0.10435420225173961
ck_3303fd3f64632c7c,0.46504610193705365
ck_edf1096809e83ef8,0.0064861532427099924
ck_235ce9603c7dccbf,0.2824215433732454
ck_9df7e153868bca13,0.045059048582954606
ck_3cfeade2cf270fee,0.23784726335510176
ck_982b0bf2e2b6c4f7,0.0349811576552933
ck_faeb0da678bb86c0,0.12744906177627077
ck_e86ad2fe815b6ed9,0.10172068681229957
ck_70d69e5d1bb99e85,0.11921917828122301
ck_7e9a8924eab779e6,0.9641492660292621
ck_019d5891103e7da3,0.05299972351687389
ck_14f0484b3817eda5,0.055310236483917606
ck_85de63d278f0fbae,0.009511530417251576
ck_ae91b4cff57fb3bf,0.18814039819979694
ck_2a6d43b9f883b78e,0.938457741273792
ck_7a4e3d553e8ab5b7,0.21138571703733128
ck_fdf89dc69f700f84,0.3556192663335647
ck_f92e04024bf13558,0.010498450340207518
ck_4a522ca2dc4831a0,0.012179565631889518
ck_68ba25dc3385fea1,0.6295920026987091
ck_22128a4f0d033422,0.21481797924488372
ck_5b52ee0a13c71590,0.07921479988762775
ck_59472d17debedafc,0.13588240788265227
ck_9dde2c63acda3ba3,0.15057541786572406
ck_7510b1023cd08531,0.03528210762121064
ck_071ddaaf2e4e3671,0.5231143583441488
ck_1355db6f4010232a,0.04828550887032484
ck_0a7adc2f27f98510,0.4063913724378797
ck_68250033717cd59e,0.014440644582919639
ck_7c12de74de30b788,0.8850050567779818
ck_65491367584c730c,0.412340605187058
ck_e9047964952bee70,0.14860922055448825
ck_5567779d6ba184eb,0.1675623432727128
ck_d6ea026357ec6477,0.15900478487346797
ck_cd7dcc884e283746,0.16468486595878218
ck_0bd77fea8ed75a15,0.5626052320691831
ck_e80883208e8d0453,0.17127070468087613
ck_2ad0ecbacd5acf8e,0.9239474133889607
ck_6c1dbee7e8fdd5c8,0.3385910293087239
ck_ee4d9a7449515908,0.0866575216513306
ck_636111f7f030496c,0.01023557395419885
ck_2c629c657f73941f,0.6363012284429715
ck_c1c9d3842d758420,0.5512518662306354
ck_e4df7faacdfe8c40,0.08577324240822896
ck_94e8142728e44380,0.18904861111904053
ck_765aaf42c5088545,0.3410814459187513
ck_e0f845159b6e6a4a,0.17307673917170271
ck_5bc07deb82edbad7,0.02093752980306359
ck_713159c5c6a7a4d0,0.9878198937083729
ck_b08afc91d9ca55db,0.36864668863391264
ck_a7bc323ffed2ea97,0.7267823680760922
ck_85ca825f905a34a1,0.10774657491302442
ck_33160c443d4b3f19,0.061395535257447294
ck_832d39c590a3ca75,0.9573116387499611
ck_7d1661a34164406e,0.9938288991887537
ck_c2466fc40fc9d5ed,0.9945975419516929
ck_ed0e776c0926ce67,0.14656187576644503
ck_cdd2ebeec75bfa69,0.8223129411627195
ck_d7877684c7923ec3,0.04083710501467573
ck_7384d4d2406aabf4,0.0901051237817915
ck_b8e5244e650aa81b,0.28782312835721535
ck_25a1ea40b2d59254,0.011844329666668022
ck_b9e5b318ee4de68d,0.08360513829072433
ck_620d7ae27af83cea,0.19463506213554396
ck_40b4e264d1a12b83,0.9696312690462788
ck_b694c803b62862b3,0.0639511428816504
ck_cbeca201dbade3e5,0.07471549402668237
ck_f9b439c9161c3e52,0.05168976663063993
ck_9880410fcd10a28e,0.01187628093895299
ck_74928f5f91aa12b2,0.31601319654862065
ck_b6673bbe61d2680d,0.3331168976124457
ck_53c8315b5c30acb4,0.07115484288729096
ck_78f01d78ea79642f,0.19557475342582809
ck_8582490d6e365a63,0.10380088347751887
ck_af25c72d16299258,0.039039181183199705
ck_7905fe8e257b0449,0.8451444692903843
ck_0d16d9349e4a9e08,0.1144714078861717
ck_31b16b8848584e98,0.3137421898049397
ck_67207e3eecc02d76,0.45115363068130826
ck_e6b95ff91116a592,0.12194194736184658
ck_c08f622bcd6de6e7,0.6170875279115121
ck_f9a68da9e0f0bc85,0.02841037058441175
ck_4072b59388976896,0.06262247803445746
ck_8ec86e853ad52828,0.40707855332808524
ck_4fecb87eaffd5cb5,0.04110559034705466
ck_d6880578428b965e,0.6128953409097662
ck_bfc82b3c1c9f2897,0.9452264767946194
ck_c340644176ca03e7,0.18707502449969657
ck_321e740066fb05c3,0.6236494030842759
ck_8929d2eb09872052,0.569803983849469
ck_205c107cec528414,0.7714278589151586
ck_e76db7d2562f9836,0.43211246154085986
ck_9ede51c8434cff6e,0.18058123312848717
ck_492e4b89c61b7b6c,0.08979961433253818
ck_9385f5a1eeebefcd,0.4064120620025831
ck_ee52c7bf88f952ab,0.1921854188169644
ck_d8116c34302021d7,0.041141593780311535
ck_01645ea51972e99a,0.2509490881212046
ck_7b45ed23304a854b,0.10342810648108075
ck_2096d32f3d497ea1,0.7356264134117302
ck_dfbb2056f1ef7d3b,0.039855650694926775
ck_938ce30c864bc7df,0.026797155082519283
ck_ff30dda2c881a4bd,0.7468231148213902
ck_f88c79186a082beb,0.26551042140145414
ck_08c7bb0f9851cb76,0.2342384571883022
ck_2675e7a008e584a7,0.42839192603971715
ck_cbaf8a954281d4e3,0.9799534194119693
ck_8b24eadf6c72b30c,0.9339483185021303
ck_ffc8e3c1377d0706,0.08280486717572799
ck_5b59e859bed5b40e,0.27559200351140517
ck_7b61717f172f9317,0.986994046237287
ck_e5c30947b732f661,0.07177865631338336
ck_bc273f3ce79f7e1a,0.10448890982603384
ck_f69e93388b3028cb,0.6606975124828773
ck_3837ad850996ba60,0.4341610681547906
ck_36d78ff3bc033ee5,0.16790041858448976
ck_5e20953547ba4135,0.5444882064992266
ck_258d661e450ac870,0.09105821848850308
ck_1df66f537496ca59,0.3161512580741705
ck_361f535599110201,0.173946270096949
ck_337e98c69f6e7886,0.4663389098552442
ck_d3d5b2717cfc3913,0.2818028211006477
ck_b1dba768dbe7affe,0.4172735370873711
ck_92d782bd9ce0d1e3,0.26641218168557446
ck_26bd0f8898afc8ba,0.008066670928868666
ck_7916e53daab36745,0.15073320523969067
ck_2caf553b31831a50,0.07723548842109677
ck_c6200734c7f9b2f9,0.9825085721550143
ck_cdc55623cb16e6a9,0.2876820999175782
ck_57849e15b61c43b4,0.017222817346585782
ck_b7af9b2ee0eebbc6,0.1954619465882948
ck_00aa5fc3b3bc66aa,0.3182167892423406
ck_9929723f65636c7f,0.9903019135897504
ck_8f6cce9f69912983,0.08918525440915667
ck_c422ba389ff00781,0.02016038476730285
ck_9ec7f334604a228f,0.18345300431450143
ck_5d01200ba3341462,0.0537591289489537
ck_2bf10be403849c9a,0.28154058428745976
ck_6ca018259f70858f,0.15938122847019984
ck_a54dc042ebb7c766,0.8377656442153582
ck_79da63fc100830b5,0.12410971672885734
ck_67ab6f9e05c85085,0.3277177547711129
ck_fa80da579ea9afc0,0.06308109661734868
ck_4339f86c87289222,0.7995093243961401
ck_a2299b4f530be0d6,0.6831084280077467
ck_19db0bf788697c2b,0.17029083471822284
ck_fa4211c4d826d830,0.016661846431319488
ck_96100d5e8e051e91,0.060355511215219634
ck_5c3a671883d58b3f,0.01162074338074752
ck_2d9524787cfe1ab3,0.6425467142784848
ck_47ab8e51e5b3a2d8,0.05232044013500524
ck_c924f36bc1bbbaa3,0.19950240812379683
ck_5c58e7f8fd55e26c,0.06764063379911459
ck_a07e7409d6d5aa06,0.0940961039267745
ck_c8413898f5f7cb7d,0.24028569433681907
ck_577c816b41cab002,0.9265714190296278
ck_9f7807ed64cdb728,0.5820348844722235
ck_495d814d6d6d521e,0.058243118819122086
ck_7aa8bc018c2b003b,0.0366098966136607
ck_7c3a6a82f3c3241d,0.48301345222956976
ck_487f7fbc290e4ae2,0.0799723474829011
ck_e556c4d36aadbe03,0.02018495422863202
ck_7e6569a1b2455cb0,0.003889489259945416
ck_de2924955926d046,0.14762424751695377
ck_73d60b4630e3937a,0.04579195200819145
ck_805ee564bd35ef15,0.08844419572569501
ck_0d40961e47797027,0.10085497584974111
ck_f06d00a4f9c87d80,0.05888848329295128
ck_5ef50fb07b6737d5,0.0388458531194145
ck_16541fc15683e21c,0.03915705903296489
ck_09fd43f1b7e2eca2,0.019277589769165968
ck_2a2c336a69b8d68d,0.16524314874819648
ck_2685f38930866af0,0.18786626095513975
ck_298278a9da874437,0.02135886144493202
ck_00bd7803f2530c68,0.2434685374276814
ck_c2b4a1d8c0b6c1cd,0.05033698240719312
ck_2acb54ca20c3af6c,0.44644164621803595
ck_e3d4b6f681c783ab,0.38881135513213516
ck_f90293f1eba5d7b6,0.4496728607483432
ck_e69d27e8965df0be,0.01472950700053568
ck_b7f5d10b427346ad,0.055151771909434114
ck_1ce20e4223a936b1,0.08215804987642475
ck_6b97d1ab90f6bdeb,0.35499329761625936
ck_e30e17db5473c7b2,0.03008572594145953
ck_154c8efb19dee665,0.09475864252914587
ck_6f5bb0c930644cae,0.9905033618764323
ck_9e17699baa83d173,0.018878421967745695
ck_9693b1eb70880205,0.08943693492163264
ck_1e97899875bb427b,0.11858334153113308
ck_558a82590f65df69,0.019608727249067343
ck_18df83242ff3cdbb,0.38300348595616945
ck_80ad4396e1084c68,0.354288552381975
ck_0a993bc947bab61f,0.6792064324234658
ck_5c2d43ff841632f9,0.15556031605545265
ck_6e4b99fb9725d9fa,0.1396407531663129
ck_e0983999ca26c19e,0.2655206683185343
ck_6573c4947cc8607e,0.5575310005506254
ck_d879d645d6e44207,0.13587857842286855
ck_1375ad9f10688e4a,0.023026167476586243
ck_7501ebbf4e21f160,0.24036117139395546
ck_ca60d61cd4dc3bea,0.003886962098881573
ck_ab9ea095a5c58b4b,0.11200303467060854
ck_23756522b58df5d8,0.007457753094895156
ck_90bc176c43d85fd5,0.7880987953823184
ck_908b663b2dda94ad,0.06646587144430073
ck_4df2fb8e4b649e27,0.06543915619622603
ck_5615c6bbdef05291,0.36734659009326337
ck_b62f3e3185251f71,0.013748039946688233
ck_38d1a22850178f33,0.031408889933956415
ck_5b3ba20c8bb1383b,0.22086922244784354
ck_5576ffc6aaf6f22c,0.01632632585859174
ck_cf7a022178165e56,0.023072394056553935
ck_f2c7a4c50e2ede96,0.05928583683934744
ck_285719c77eadf915,0.0058766382207733605
ck_f2aa1b677619ab19,0.09222337051136602
ck_3830c58d841e9e69,0.9091208348401606
ck_32eba3510c8eac5e,0.06789740089442502
ck_8955d7b9030d5eb5,0.013054362622367276
ck_6775e387dace7525,0.3055674309704172
ck_0a0cd7f4be606a93,0.29136567173334027
ck_a9f700eee5d638df,0.09180393786349256
ck_3d7db96995745472,0.16802136804162462
ck_aeed557007d52e9c,0.01769667042159937
ck_79b6a86830156b5a,0.5453632441036343
ck_6a1ff9d69466181c,0.9877300533011608
ck_f11b1565f986f5e3,0.07189255188987419
ck_4819327a78615485,0.010011163816650213
ck_3ed9e081959b2f5c,0.04482599703102394
ck_16af4be191c47d3d,0.011931257050391728
ck_25122cc0e8b1a662,0.21671768545235565
ck_509c22828d467ba3,0.4724112332132436
ck_31109c899336348d,0.2019637563600354
ck_c51131e53baa59c7,0.009541722042371628
ck_cf8ecabbc61d3e11,0.027725743467693187
ck_eb6baff0f85ba936,0.1668113477552312
ck_777669e2243204f2,0.9682677168313357
ck_ac0ea27e692acdc9,0.17823965620044965
ck_4c6ea04ce8ca9e2c,0.01276238976837937
ck_ca54b32fca7e94cd,0.03201648202429538
ck_4dfd8947f540eb24,0.0976275328396295
ck_95aff1fe27fb24bb,0.1409528278171296
ck_c7550723b90e5615,0.1647964998629619
ck_57b3fee69bdf85e8,0.012567701087188023
ck_f823407ace7ff064,0.4005116749104173
ck_a69084a068bcc8aa,0.30545704880061075
ck_c7b17f7b24bef5d7,0.11834924090177291
ck_7c4e588f927c27c8,0.13655469790260286
ck_77fdac602d0c6f95,0.5042489306704834
ck_e963d8525018d072,0.1111130542297681
ck_6e8ebaea8f7bffaf,0.023925489222238215
ck_aa42976a31cb7770,0.037411436792882606
ck_22c862a496008c96,0.9942893597273003
ck_527550dd15f38782,0.19310117261061627
ck_b3ab3c210e2c7c19,0.3030480948034145
ck_ed9c56fdb9f45ddc,0.8069105003915186
ck_b53281da70defcfa,0.12497768554609798
ck_03009b721568ee98,0.16759800871442795
ck_3d9afd862b3f4053,0.7991929676242489
ck_ad3c4be96599554a,0.1917623796143617
ck_d1c787c27d50af49,0.2684063648778968
ck_c7a9c7b2eef46a99,0.04558392670277929
ck_53036d3c6c74446c,0.8017895172722489
ck_1b1efbd9c0964c8d,0.40110916055504453
ck_d66f42a269d5c1ed,0.3426166140613537
ck_fefc49a2b8ad993e,0.1117231241748417
ck_8b3b874249adece9,0.3471390084528207
ck_193d9c87ad3f1dad,0.016306110267983235
ck_0c6a50d747593b7b,0.14229413021265902
ck_c830f3830875b47a,0.34279604445191336
ck_79e202f06d8dfe42,0.11310927235432924
ck_5c0fe988b8aa7fcb,0.5017742489935574
ck_a8382d8345f21e1e,0.13620639588814049
ck_8cb20053914692d0,0.2330545601779689
ck_1da2f69023ca4c13,0.01266952089131422
ck_38abb60995114f8f,0.306936182759602
ck_f5791fd8fd8fd191,0.43382847397367463
ck_a4e6fc391b674335,0.832916224577043
ck_bd771efb4a7e15d0,0.20369720443924433
ck_38ba4a6b6a292054,0.12976065098897796
ck_f7a07283345a0dce,0.07130723838487193
ck_87dc484baaf5a23a,0.03323682867912942
ck_c84ef83489badbfd,0.13483046668878615
ck_a397cd64ec5d644b,0.03376894180885842
ck_7977135c2ff61e92,0.053037295654334966
ck_52174855b243a8b0,0.3194726715619623
ck_0f35e930d0614613,0.93786561361477
ck_b170a7db522a0d6f,0.2946329870411197
ck_7af748a23775bd54,0.18270942907785498
ck_52f641c9ee6fda70,0.02189760534662544
ck_c3719a30414bbb4d,0.12796593823849692
ck_2baf214ad6bc0dbf,0.4350699276578907
ck_8b39d8aacfdd72b4,0.012158250404649977
ck_d39b0152116203be,0.0934445232774108
ck_ed33f8a937f9c7c8,0.3303037489935159
ck_8ef97b55a5fd6ec9,0.005744148768833196
ck_8247f008a14bd1a2,0.014932159315525748
ck_f0d349d68249d5db,0.0214307424072411
ck_a544e766540861fc,0.1937037293772855
ck_9dfaca4c7c80b10d,0.36987146870170173
ck_7e5401c362b2216a,0.0038834783834956815
ck_64ff60c073fdb6db,0.1742703793487103
ck_fc5ea49518e5d637,0.032734195639873453
ck_580f136ced341298,0.02050589304062387
ck_9cbef9bc95449dca,0.028040246224227544
ck_e475a3b8ba870a7e,0.0766884645125872
ck_97e94708bcf43563,0.18838322140491637
ck_13f03ec785cbdae1,0.017459374328262414
ck_152820d8817f478c,0.13537576415134553
ck_d20d4ba60eec9945,0.03719051091826881
ck_5c45968a805132e0,0.12394509887974961
ck_bebea2cf3063fb24,0.11739673395410058
ck_c3c69aefe7ea1d2f,0.1579998970974332
ck_02028b72f26fe855,0.1260499127430331
ck_dfadff70a58a9133,0.012350058866059206
ck_6482ed4491bedcaf,0.14749461090883095
ck_754cd7b4a5ae3f94,0.5139428995212759
ck_3132857aec8485bc,0.0067736579563031085
ck_7ce4ca91b8f9f1c1,0.03130834270354208
ck_41938582f4351772,0.006960053563020755
ck_f87d66946252476c,0.7185000295313251
ck_8053f1879a9b4e43,0.009988836426251464
ck_93892e91387f5103,0.1547502568247489
ck_15254db133b28371,0.18654138087581254
ck_d557b9feb241b3ec,0.011532933362072019
ck_71c3a8e4c12c989f,0.1668351345547497
ck_80e3041811033443,0.10331544566018601
ck_3380d60067b4634b,0.06182242883286273
ck_a9c2cdc758df8510,0.1062477963079911
ck_3c0031d7514da17b,0.165782823173707
ck_18d214b1418be39d,0.02534098474739527
ck_7ce768407fd48321,0.18060702926276698
ck_7a50abd42298133b,0.23666954374720503
ck_2db10f987d137582,0.12514401022878915
ck_e077d004cd1d80ae,0.20688530730552482
ck_1cb6dc67f9a321b5,0.15859903441840603
ck_b864f64101149c35,0.6021919832385905
ck_9bedf54df9418e4a,0.04546956236768654
ck_c47e32c47f0e6578,0.7663184519955221
ck_71f382d5e338daa3,0.12916788848912433
ck_14b4bf7be6ac2b61,0.3859315672227403
ck_5c87eea1cc07cc92,0.1107545072971572
ck_5f445182829ef342,0.11819639565211197
ck_a5d7311291caaa54,0.030739519052991573
ck_b7df99aecef385e6,0.7266243900904438
ck_3327a0582407068b,0.29420649757440254
ck_08dba09fd7dab896,0.20439420905557143
ck_f4ec334be5266378,0.0354052826645732
ck_240f7f894c5a86e7,0.03210337750637677
ck_a9d994554fc14a02,0.005954483935614057
ck_13648cbd306eee6d,0.13285108699912523
ck_601edf9105b3c321,0.9865227896404597
ck_9527adac182abe57,0.8376081747270406
ck_4e0e80f5cc271bf7,0.01181765634013911
ck_96a89e720176b389,0.48807787504732714
ck_63560eec94b76d2f,0.0955346872431379
ck_c9c99e5b19aeced8,0.0236625723683724
ck_bc32655ee5ed643e,0.2923463187206242
ck_edccb5a93b741744,0.1196868095388455
ck_f786cbc987b70930,0.051770869820755315
ck_0e8f26536ccc8947,0.14885927048888598
ck_b87ef4b98cfcec4c,0.24909000119118804
ck_1a9235812de4b2c1,0.200837788805264
ck_d1ed88ea4211ba4d,0.04913786861498389
ck_a4ddac49657a4450,0.1037534167250055
ck_d9ffca35188e49d8,0.060495514007263974
ck_3db73bbe03c3d240,0.01551701938261165
ck_fffa0622344a36ab,0.0109997015001565
ck_148c28df51bba5e9,0.9217407695048009
ck_076cbc25c8f15fc3,0.9908657108211927
ck_e5ca550b39ed45bf,0.5517347754480709
ck_8dacf3a2061ca17d,0.351124781343733
ck_2d7394afd61643d0,0.01391050586047216
ck_e42206e91f6a1752,0.12082343498401976
ck_2f4f94827984c426,0.02096654596889232
ck_edfe8e90e8f4366e,0.10479556798377768
ck_646b15f753e5e9c6,0.18400990803788206
ck_66600620149c8799,0.03309852021939062
ck_4ff6fc70bccfba96,0.8727164432750562
ck_41af3729590c2484,0.09559690946119417
ck_920a48ba8c583e96,0.03806990005554326
ck_0253b3e7be021306,0.003541952126120795
ck_2ae6949246ea2648,0.12880111348037468
ck_db23a5100f338d72,0.0695692013999321
ck_fcb2a559474c3493,0.28496838295900695
ck_0a4d7acd2a53cbbd,0.03986709490696922
ck_c5d62b2b7a6f3bac,0.9877527841409318
ck_cf59f4fc0ea690b2,0.0519685664092911
ck_837be8126bb19250,0.0651392478602984
ck_58955542edee1adc,0.015497100425753923
ck_1b93381d8eea58d1,0.06869496717998892
ck_97b8e05d62abdc14,0.2960692306109232
ck_71a0d645744302a3,0.08234859703362207
ck_a7b57882ab66b111,0.01378746503027949
ck_65f76421be648549,0.3554634623033706
ck_b53ea8713d32ca7c,0.13624276545350428
ck_991c4c924a1d85ff,0.9277521720337734
ck_8432ccec1a4ec7fd,0.9933441418742132
ck_64c1633297f43788,0.07368075669782356
ck_4291fd9c1161d8e1,0.29842695212283404
ck_5e98ed6391d9f429,0.22152000182499124
ck_c7baebe4549fdbb4,0.3758223853478438
ck_6e67225ba59fa5ae,0.49276718698381927
ck_719602def4d35fe0,0.10538945785090548
ck_bdee7c86f5ebe81f,0.09234155943893393
ck_8de38f8c7f91961f,0.11164781562685266
ck_b0b5bf9254700402,0.09417386994451064
ck_7b55d9bb1a250d4f,0.3435401689235939
ck_3954b7b0fd1d6614,0.007617234913005125
ck_f29471fe7c818d6a,0.04988058418496675
ck_9e65a8a2f587691a,0.13075712400047546
ck_eaec5f1a83b66eb0,0.7988590179880961
ck_004fe0daecbe2c1a,0.037781063485127615
ck_d17653a4a2d4a79e,0.20470369867546087
ck_0dd417fcbf19e424,0.19139488648077974
ck_4c99a6eadea143e2,0.5281915064775459
ck_74d602c907ee9119,0.007994862679689473
ck_1aa87cb62acc0ac6,0.22554098295876338
ck_094974d75e29fb2f,0.5165926537830559
ck_5ef935ac3d4d3332,0.410757012027145
ck_b26e4ae47c9107ed,0.6110300260323269
ck_396cea6f95186ad2,0.29364778566533406
ck_48446a9e8184c7d4,0.04897985767399646
ck_31e1ede23247d56b,0.2489795773849623
ck_7afefa349b960a3e,0.23520832767017405
ck_f5e02a3432571b20,0.48251438344085795
ck_64eefec062592c43,0.041339020350477804
ck_a1201284122c141f,0.8205094551189223
ck_1b34c420a4c85a95,0.23914413274624213
ck_d637a011332ba67a,0.1251617501970456
ck_99c0004d8b7079f8,0.04133106957160889
ck_948517bad569b40f,0.3313455156031804
ck_a28d6b1601b472a6,0.32651626637788267
ck_a0b4209feb31f5c0,0.9893888867147461
ck_d6d2c1f6dfc455b6,0.9009398540028006
ck_3f9e6d356d3dd3cf,0.010792221088016774
ck_d08e00c842b75176,0.05009826672006266
ck_bfdd232a7c5f2660,0.36864668863391264
ck_2cdad03ed069438c,0.20210892699607916
ck_42317c3eabd0a285,0.9436979965482661
ck_3eb73e56751c704d,0.13163886443502873
ck_ef33c04f4c9e3758,0.21904333818276897
ck_1dc23dc870f1773d,0.06325505196010425
ck_76091f357974a152,0.06613527877894645
ck_4d9eb75e8eee90fd,0.3051903293551122
ck_578f67e69e5d2cfd,0.04066230678157874
ck_3a8ce1cc724229b8,0.021820555452030096
ck_a96887f841e80fc1,0.3455782948864654
ck_d2d4a8f4a9f2c33f,0.03206118076288542
ck_11f85bc705dbe036,0.39681716746474577
ck_7429b3f87528e335,0.0964754739836704
ck_26df74feac7ec51d,0.16790808832463897
ck_c78b2638fadd91ab,0.03564162416421494
ck_7eaad325abe3b50c,0.020720651429096962
ck_fd44e34af620e606,0.39850073066168623
ck_f99738dff854e25f,0.009190538652456068
ck_1ffbce3a239bb264,0.018965025329815935
ck_96c7d52ba0a766ef,0.25211160532428256
ck_cb1c00c300af3f9e,0.09927823010977004
ck_ec3d12848ced99f2,0.06582712578466633
ck_26cfd7c3c6c7bf69,0.21333962647508084
ck_7ae86b5a885affc3,0.5751900325637092
ck_3edaa94d28cd48ea,0.06525591555956556
ck_3209c530c9812e39,0.0851040942400705
ck_ea62ebfc1f04b49a,0.06982459263026451
ck_5fc90b4668ea81bf,0.2493815102347356
ck_95654593cdebd141,0.1585995072107233
ck_958c0bd61820147f,0.2349414211365415
ck_8440ef1386c07194,0.13130412574448366
ck_8cd1b68dd74b1375,0.783584037025607
ck_c9eb4df91ff07f2c,0.42140060787491085
ck_c29489366c01fe65,0.9587850450328655
ck_c965fd6bec0f0ecd,0.21592009529789744
ck_84c402b23766e1f2,0.21282989551788487
ck_181f3dae03b87136,0.5721511927987538
ck_022a8ae79eb28cf6,0.9715251075797604
ck_469c17407d17b706,0.15524132282876948
ck_1fcc5843f39148a9,0.15573021545312044
ck_5debd55f361b2ddf,0.03903583337861082
ck_28cb9b03e89263f1,0.022540569346455857
ck_f067470743d3c7a2,0.11147278131097081
ck_d5d225ce41a1a762,0.2660456860612186
ck_15b4840922195ffd,0.06770953067349814
ck_6bcfa37c717f19f1,0.18866718856423612
ck_8d501a0386c66be8,0.5813888682716957
ck_1a9d6190c57ea7e2,0.898087891308226
ck_c49832eabdac5bb7,0.07447668895121123
ck_b4331140b2e0d4aa,0.02417506611940315
ck_5efbea1befdefe1b,0.8446201933279581
ck_72ff52c4824072ce,0.29056678088768195
ck_ec3715add8bbb6e9,0.003984198733000093
ck_9822f8ed05335741,0.02292716375692977
ck_c3d7d3d12a1981a3,0.0360511055950523
ck_a115a7919ac5875a,0.44095079203080173
ck_4dd4ed23e0b927b7,0.7394324380873661
ck_4c76efcc1ee6762d,0.2026087804182605
ck_3ad6e7bf452c9b21,0.19366906443476442
ck_dcbab304b55a42c7,0.27838198664413444
ck_24b53090faf722cf,0.1441693719591349
ck_187317383400491d,0.008610734258013803
ck_e07fd57565c94c28,0.686785594095495
ck_740e760fdcd27835,0.04370790066086082
ck_d3796aebda1cfed5,0.955156499294546
ck_e541967c681cb929,0.24780244150487105
ck_431118050b834dcb,0.006950766155888817
ck_90f3655f0c8a0074,0.010811714352787284
ck_13cd943777651aac,0.09622943173911083
ck_66accecabf3901c0,0.21672547231957526
ck_937f0da2306b2eb9,0.04859846177298323
ck_105b0c93573fd5b7,0.8652542700634366
ck_00480407160e0743,0.027147790251668632
ck_e032068be7b77d15,0.34055036525718285
ck_991b7dfd69098320,0.023449401837144897
ck_37d47cf0f34574a2,0.03832800001347752
ck_011551a596544f5d,0.011263251891930838
ck_9acd98f4fe2d474e,0.6522186668627552
ck_7c88d3d377bb61bb,0.2968170073806441
ck_e2374c7136c964fd,0.5689764131417961
ck_2fa8f2577116e9ca,0.4865307714047526
ck_d07c5b0321c685ea,0.6038387699206114
ck_bc736114a31088a7,0.44272339628343443
ck_32bb42f9bff197f8,0.04423367720097573
ck_66267bbad1f1415f,0.9882265535833373
ck_19988702ccd79201,0.08107747031668186
ck_f473a03fbcdbc4b0,0.02708203627434315
ck_e3f1d85fa5d49396,0.19992877579194332
ck_c4402ea6291df271,0.2080985778096642
ck_243bd5ca8c4ae5d0,0.06445865892006448
ck_f271e855925e8d6b,0.6072816070916713
ck_e424148c6f2223df,0.005668202904346486
ck_e4d0a9e1102a58b5,0.43145469291962835
ck_91c2a5fe69b9b1d1,0.06874366753707546
ck_5fd8924732fe403e,0.5508562883551968
ck_9a881d5433126ada,0.04102004282268131
ck_73cab88b29c7845d,0.42980551054391153
ck_5b5dea6476d4e182,0.17168287798601412
ck_ccccb17d2ca6ce94,0.3185267986672495
ck_cd1dc68e441222b1,0.9935960574301299
ck_8312c49b1431a406,0.12118148425114168
ck_25fea39897f2a559,0.08771871949300573
ck_f56200205280bddf,0.41043154171625645
ck_7336611650dcc088,0.008339527165278766
ck_590716322ff147ae,0.29531132219200623
ck_c82364d87875a1a1,0.27365800882390584
ck_fa4b60387d744fc5,0.011170806977330437
ck_d841eba8906e9a15,0.03316022461803854
ck_d6df562a79b9d0d9,0.32400719969577046
ck_59a14d2564193101,0.020607133681760315
ck_8530158e3d7f59e7,0.04984788165735403
ck_ac68d707006c12a8,0.1821507615696301
ck_976fac1bb3dd8c58,0.20459741668411935
ck_f854fba8f4adae3d,0.19374217155040088
ck_b98e9c3ec6e7d1e7,0.18656110330077272
ck_803c0b4cf9d4bc1d,0.23006648221317058
ck_76997a33c3ea5107,0.0035411949723794175
ck_f1a9d832b700bda1,0.977488904467999
ck_2bd96ddb8c323d63,0.9784211499485582
ck_9e5b7acf51b1b743,0.2149975384887682
ck_09169f22194fd6aa,0.7071951331478634
ck_6d69e092f9b0848b,0.105549385589822
ck_9f83fa5a2d3b9049,0.3447611257536881
ck_57bbb19eecb4b87c,0.02981561602682033
ck_e0e9cfabb979f428,0.09258864696548244
ck_b1ff9edc51d42f97,0.16821619358282805
ck_4682fad271d47eb0,0.962639425965563
ck_ab33fb754c818ae3,0.2532769764513193
ck_b456f62b80e21557,0.01794636616281419
ck_16340be3f2a7fffd,0.042388499781955635
ck_ce66831f6611014c,0.22322757135063148
ck_4610a073bb54d1b1,0.2581126643680833
ck_fd038a7d33a9d6e5,0.01588609570956678
ck_c8198cb4c461304f,0.22269009816016358
ck_1e7de58822000dea,0.008224662872383942
ck_b2a79dd3df560f14,0.3082472179693105
ck_74a06f347b32347f,0.15400645534367396
ck_c6fdb2972417c9bd,0.07187612925930074
ck_d7607a213b800bfb,0.232856649891752
ck_df65967b8b40319c,0.022007436932884632
ck_329a73dbd585ee09,0.04135598310275947
ck_74991a9e85c3b07d,0.11797094046606374
ck_bb76609b79e0bc9f,0.04063564905821377
ck_f7fc1bd0b9ab1fa4,0.110168251505639
ck_d111c98b36bdb791,0.035013364440834145
ck_f07e27d125497b66,0.2692624025232241
ck_093e3a7134e11d6b,0.20798299338911153
ck_862c7953bdea48b0,0.18187742191465803
ck_392cf2cdd515c34d,0.03150919205576989
ck_80eb91b0b4001084,0.5283818962061991
ck_5923f53b77193a58,0.19344890283813204
ck_8049f5fce32be185,0.9407433573989235
ck_ebc5a2c6cf88e252,0.3209430653142062
ck_9ea5872f14cce338,0.20355380794541938
ck_f7fbc95ebf584379,0.08856007506804617
ck_bafe82c870356706,0.967773280525365
ck_278b36c5932d9bff,0.04140548569305059
ck_6a892dd5d05c1649,0.054887073760528454
ck_0734fd90b2cabd43,0.0906617245127758
ck_9b552204498b6762,0.04633452115514187
ck_f6c909c205767956,0.19926634730753975
ck_32f590e87bc3d715,0.01684477209748287
ck_66a8325f28be7562,0.015774873617703654
ck_b129261da9c3c3c9,0.018719294432715607
ck_a524071c51ddde20,0.06511009739743065
ck_ba576d6d4cb6130b,0.5671298714478886
ck_8d8226520722af78,0.8300003701476982
ck_c5b0f0d4f1655a20,0.6909934877015866
ck_61814ae9b6d8eab1,0.03919586188502763
ck_382ebf136f7fa337,0.75071139748557
ck_423ff4ede6a9f066,0.10714123422329669
ck_546ad962d04b7de4,0.9638210956076667
ck_9473ea4a01c95f9a,0.13330449236670774
ck_9eb1da8cd35a50ce,0.15814103155459985
ck_de5eaa2cdbcb67ff,0.39033299703862856
ck_537cc97d0398c922,0.35251168274396943
ck_998475a2e4dfad4e,0.01946671755194329
ck_e62eb708d2688fae,0.0721486997125334
ck_ea623358f704daa7,0.8090759970700167
ck_b911a09f328dfd4b,0.011279824820769953
ck_4b3506b624e5193c,0.18301174084824942
ck_448456f96788713b,0.2871790391530038
ck_5d5ef9e75f65d076,0.09567940591282051
ck_3b74512f774a6e5a,0.023781293667632035
ck_a032e8ac1507c6df,0.8016965826938948
ck_7e2d6b22a0ae20c2,0.6933281806498781
ck_d80283209c963f11,0.1475532494493517
ck_d1157eade2ac3975,0.3960360095249009
ck_be48f583f79427f7,0.20628561167023537
ck_0027b5d4107d65d8,0.18784032821062954
ck_94fff69584dd3b2a,0.2012622361508805
ck_75fcda73f0b43557,0.36557613207976347
ck_a1c78972e4ee4082,0.08145327035196501
ck_f0982bbdbd122f91,0.19192092613013217
ck_3199b471575aeb3a,0.04163075209068132
ck_7fa947a0b1c1cf74,0.4338406870858297
ck_a60c618b7f0e4252,0.18925944752411322
ck_722ac47c8ac9b6c3,0.6953337028063246
ck_d44dc3839a195c8a,0.769868232965907
ck_a2c3e82fab520483,0.45201926687894656
ck_6f8ae0319c07cafe,0.012483410230313735
ck_49886ff1e2c759d6,0.22139941018069859
ck_150a1108f936e6b0,0.0981405442156538
ck_e21f9f96f597695b,0.16353414585406745
ck_7297bff2b7fdcbc8,0.01522489759775193
ck_ee949c71f4f702eb,0.9320549413973223
ck_6fc37dea4b4f35c6,0.5835342985028785
ck_e76257caa98dc25d,0.9367880086806936
ck_828eef2334e17b3a,0.3077697719671576
ck_604e1b8a8c693aa7,0.06526898252988513
ck_7743c9fe037d1f9e,0.16263025840574835
ck_864a11202e19e812,0.456677400283435
ck_4ec040b9e3785e4a,0.03135317591336968
ck_7346e4f820d9c00a,0.9760825084825391
ck_48d4d63beb26b623,0.024724646333159697
ck_c423aa6de3ed1e01,0.046610853479589764
ck_d74b2ead8aaa3f73,0.23660077516226094
ck_1dd69a11daa7bf1a,0.37759687328460756
ck_d9143e236eef177f,0.06405586290208568
ck_f790d91e5ff0eccd,0.7588434992936157
ck_69b5620e00ef5dec,0.01651932001346612
ck_cd32e58e8a1c0e85,0.14873656994502424
ck_064013b0957d87a5,0.9885822493806747
ck_a481385c2e60dc4a,0.007837660417635983
ck_d72035cb29db3aa4,0.23742735280994076
ck_3759939a0205306d,0.2473901245400812
ck_f437a53fc832ec95,0.9610273015639981
ck_260ef2f3e6434819,0.5420767116797662
ck_35e411b05d22f663,0.3178030862675306
ck_8bf46e472f3e20de,0.76538833162574
ck_d546994fc5d3e9d1,0.11594654255907816
ck_6ff0fc7487e737e7,0.6260564756142256
ck_5c67f27816ae0b6f,0.09189845714574117
ck_c5517923458106ae,0.08573723940034045
ck_d9735647a6b0b0a7,0.7413210798782043
ck_541a734fc457246f,0.3844196825325055
ck_2f6a639468f41043,0.09618909974847126
ck_bea2cf7a6b7bb900,0.2640538232731155
ck_7eebd0e6ad6c070e,0.13613188437831059
ck_b64c87d5e3b10e6a,0.9834394532591542
ck_9dd7daacb7833233,0.367982976833751
ck_396e9ea9a6c6d7d9,0.046696031713304706
ck_1645e6cc53fa99ff,0.4962807486175609
ck_ea2a83ccb8d57490,0.016025788389629956
ck_e64f0df63e1be595,0.11663117156356348
ck_fa0b234481cb57d3,0.25073582666659827
ck_63379e3c9fe6f711,0.13341253910778317
ck_c67f7944896a0310,0.7131934712156329
ck_c10e54c9db29e6ef,0.980438402134518
ck_7184ad7709ae4c80,0.16579918457155057
ck_f8b6069d7577fde6,0.02280945176054814
ck_18444be153bac1ca,0.8862643686418641
ck_d0982b4e0e118e4d,0.13915700503521858
ck_6faf3e6820398866,0.7469547959759489
ck_97e980463aca4644,0.025250510645998727
ck_630c835243c66b19,0.9477005309075022
ck_fe429ba3e1aa0e4f,0.08017970542370988
ck_1058129ed7b48c59,0.07425003990732708
ck_04a1a46f07885296,0.28671531477581447
ck_f01e94331067edf6,0.34365541007366773
ck_77b2fb17c29f5e72,0.22762378495462138
ck_4f0c5857da45fb28,0.43077563531740576
ck_2cfb9a7775e8a5bc,0.9835256498383709
ck_6846100e43659bf3,0.012075446441070206
ck_f89719a854fe11d7,0.2589725859263009
ck_bf47375e41ca3bc0,0.02338811530294801
ck_2770b0400a7bef08,0.6353112949528092
ck_2a09d142de1c77ff,0.18450340516777755
ck_857a1f5547b9ad68,0.14664562026514805
ck_185f15b1523bbcf4,0.06993192729939764
ck_ab2aed614ec1cdf8,0.40750553173011095
ck_a9e7f3b2d5dfd97b,0.13357292261000647
ck_0eeb3d9b3e697edb,0.21643840732883615
ck_fa5830d81bc8ddc1,0.01756285774470269
ck_231ae0329ebc3220,0.06520993701742846
ck_1587763dd54688c9,0.017317201795988
ck_9f85fea4490c00cf,0.14889283698159006
ck_a2d709e7eb91e4af,0.3987484757975221
ck_43637d28c7216453,0.030408297720662208
ck_f3ab5dd853d38252,0.0796259543237134
ck_4a1f0172d3bf4fd3,0.020302078934915063
ck_517620ca16505af0,0.16706842053424933
ck_9ae904fbef56065c,0.03318057553359191
ck_d5ef1f6e34bb35b8,0.1515013822826216
ck_ff42557857ae3aeb,0.018060349086695456
ck_ad9a18f58589faa7,0.015971614691658854
ck_df1a6edaa3e6b271,0.16714809813185924
ck_99021fe7225b5a68,0.6319587318995056
ck_99e52c3c2530b69e,0.98470822751251
ck_3a4811dc4a1a891d,0.040870180784733916
ck_ba3a6be026c87079,0.2947880904133378
ck_da6d1e5cf6aba6fd,0.3513481644683347
ck_ddc7c1f3d45fe6e6,0.14338566855064422
ck_e1b1e7a7e4a15b3e,0.05018678367280397
ck_8288f7f226e08b89,0.14330952823568005
ck_c4524993ec31dbe5,0.009480955917178931
ck_8b19bb5b23b6741c,0.418282161695174
ck_d21b38231a8a9f4a,0.17707591424743632
ck_3f730318a9792292,0.21579845791322635
ck_a4db6e94a8f77f9d,0.23760505806085988
ck_a8cac8d480306839,0.03420497943960762
ck_5472214011fbc2a7,0.06004435529312475
ck_7356f47dbbbe7904,0.04933098716820943
ck_16801e628e883d78,0.12420597909336167
ck_0dc1e536231c4860,0.09854491293333076
ck_7cd0634a6e60af83,0.40645823087705196
ck_ef6f8e048ae1bd4b,0.04143968989846198
ck_82f3f744209888ac,0.1461825456169838
ck_f33188c232a03526,0.29115271736114523
ck_4a59f4e10bf45d7f,0.0052416520396917935
ck_d96c893721385e4e,0.0094599842380876
ck_f65ab819373edb37,0.4164312173789286
ck_21cac21fc10b7768,0.07805729928096566
ck_139b54e6ccbdd7da,0.3087653546109615
ck_d6f5c8741697abb3,0.280321808495032
ck_a28d9bb5590d458f,0.5874382860830373
ck_ed26d906883bea0a,0.11916872392309533
ck_227602ad072b838b,0.016304590677078647
ck_39d5f6c17c745ab1,0.03459095230947925
ck_744eade757ba69b5,0.5902484874528441
ck_c1295d97cdf35ec2,0.0307227885124643
ck_69105f881da3c821,0.2511302377941766
ck_933789b55361d7c1,0.94464121927631
ck_b667952253503174,0.08903084661102849
ck_7bf668e25abeeb05,0.053374879453720596
ck_91742711dfdffd56,0.13749236065292336
ck_af32a0660090dd68,0.21668232974098003
ck_2122f201e65f76ee,0.051559584236989524
ck_f48acb73a5d6af07,0.17350061071598902
ck_337c5684510cf432,0.2545288778197893
ck_f7bde7265053364d,0.19298665687818564
ck_c190c7b924edba75,0.4291962176296618
ck_044fa3b3a003f0b5,0.1530712434646334
ck_87eb43e3b9d96169,0.42884417558682497
ck_2d3d6c9364362017,0.04988649587656073
ck_ac55dc6cbcdf8228,0.13838638478550624
ck_61d7b0568ec5d6cf,0.36433415539278435
ck_89c74feeaffa7d09,0.030137099224620767
ck_93776b0c113f41f0,0.3633227743545757
ck_15e0b679931f7a8d,0.09122902846126893
ck_77b56c49cfdb1d81,0.49559865671477
ck_73188a826b5f499f,0.11007423499983206
ck_4f463ef25325ddfa,0.7607457174203005
ck_863db2e394dc47d1,0.9454234171085507
ck_d52432ed597f3cc9,0.032036969300496515
ck_04fb61e5739642f8,0.4563313646299539
ck_2e481d75d110c06d,0.33861099724685634
ck_3fa1a523d77cd619,0.13518926540151013
ck_466dc6274fecd708,0.3171196920266785
ck_e1790b3aa2241b10,0.9659099635094048
ck_84ad096a46e1a960,0.6125743960812905
ck_3be72c9c178fa00d,0.3013317752518107
ck_5a17c89219d1d9fe,0.09652684456196024
ck_4f639f4ee6ce8d9e,0.4755208509648627
ck_f4ec4a935e51b4db,0.1325957375778442
ck_f04040a830f92bac,0.0665933770843037
ck_3e4d02a04be2aaf8,0.09862821540367435
ck_4d1baef193cfb900,0.39207138818163495
ck_0fb3153d37626b75,0.013704207290784233
ck_88ec57a11b11f702,0.9898179758275086
ck_dca9dc465f759db4,0.09619344737547045
ck_64f5fba6af67e024,0.25354333203005375
ck_896096cb167254ef,0.351816665171141
ck_7878679065876b98,0.4524967464710683
ck_fe8e5a6c880ceb4e,0.333632349264756
ck_a5e036327d3d1862,0.012820378659420196
ck_310f73940fc4cf4f,0.07712507778117177
ck_46a8db16ad00b749,0.07453566801262429
ck_0d33977c3de8cfaf,0.9870444880318033
ck_c6fff412f531db0f,0.006904554346170329
ck_bac6dadf428eaea9,0.12664948054404462
ck_1b96d9af0d7da2d5,0.18910004466613706
ck_fa8a4a9e77799fcc,0.07064699456131177
ck_0bf48607a874b4d1,0.030981477284257635
ck_eeb75f8a6439f65e,0.2674526370779979
ck_a209a5f7d172125e,0.32920525190970484
ck_8f346b72fb40bf14,0.24749072185917065
ck_bccbf9fef367f00f,0.08480361564227767
ck_2d1548f1ee405cc9,0.04448818408108821
ck_e8298ff2dc1e9d50,0.01520124864775898
ck_77c0fb524edb4a94,0.05373210825791638
ck_28ac4c5134cb8e77,0.24145446473592894
ck_db23a0e3e54be60c,0.9195697881222701
ck_a059d00cee5cee99,0.044079062099589034
ck_3e9e3bba8bd363af,0.0316834299435133
ck_0428728df24cdab4,0.14631956406055643
ck_88cd35378075c84f,0.01217654474919007
ck_0174d76398d9dc0f,0.14864925009570448
ck_3f1287e6c27de0dc,0.09380502301667737
ck_ff822700f3605e06,0.9973482204668286
ck_4563227b2038ae07,0.4862958836508946
ck_788e78065526ee19,0.44131064920431107
ck_8a16eb584093b12f,0.018609561000823897
ck_cc276f71ab6c08fd,0.3105129441861875
ck_d61d97b21002f3e9,0.3878407542363742
ck_4b2e87d86a5e415c,0.4746986946238424
ck_3e6f35e4500d2f2a,0.0198978404662622
ck_3acdb083e0d8ad61,0.06556991947847517
ck_cd655202db489010,0.012374051511102211
ck_829cbf5ccda481ae,0.10497179784767949
ck_f5882e6f98b8b4cd,0.01766824660875236
ck_767947540b234add,0.20738851695865998
ck_a6e8e8f535b1f1d1,0.21664786544217562
ck_58412a2674fea506,0.10652590241455025
ck_fae7e518a585fa61,0.3313278697076601
ck_9c60ae6958d68dbd,0.9033106227635966
ck_328696b8f5e54ec6,0.25308617136826456
ck_7df3f8f4f1068d62,0.05303334427534512
ck_cfadd21458230ef7,0.2773691073516893
ck_7048bedd554c703b,0.04198196304633709
ck_50422466f145bfd7,0.014473497770231504
ck_61e1f7168cd9ff25,0.19940320773711828
ck_733aff0f56f5b3c9,0.21556282576806643
ck_e14892e424180549,0.020793409577094676
ck_03f6664a96de7d0f,0.17949567271920297
ck_b7f4baa2cc82fe61,0.08282878410754062
ck_1e51199a075ca0fa,0.0673925884897232
ck_0e70516fa07cfb17,0.961556079719225
ck_0f37c554a5057801,0.7262631546727595
ck_5576b725de38d106,0.25733426937441206
ck_82f360df1e9f4eb8,0.3456773252832708
ck_395f3bd4aacd7ca6,0.042023693434191066
ck_5e8e857b63966609,0.814550677843882
ck_93470896f0804b6b,0.9594915394200477
ck_3be854e42e76569a,0.05717114659676688
ck_0567302c57a2417e,0.5789283700434369
ck_ee535461b5f05539,0.7224418345796098
ck_94a096c36162a153,0.15271056162289073
ck_dfc8f5c141fd7c63,0.19113214261042236
ck_98b34f2d704c1c2a,0.12144213035335172
ck_96dff7a09d45f116,0.3118360206157816
ck_79557434c129ba52,0.025795941406837577
ck_4596624a7c01d501,0.34351031302380625
ck_04e89fbd739243fa,0.050168937322935696
ck_6149ffaf18872dc8,0.024593299447245746
ck_cd78f0832a09bd8f,0.9018944420579272
ck_7e29c10d781c3b41,0.24054501301561362
ck_1f7ee7b23fc6f2f4,0.024096346723089027
ck_c49b685d2b3ab89a,0.16234526994611587
ck_84569a8fc50e73ac,0.16883114002579525
ck_b92b11d205af91eb,0.031641746814357635
ck_06280e6d6d2485b0,0.08600186977289835
ck_3c08546dd0c92863,0.09293088014289555
ck_99d3983f907828bf,0.011005841471661126
ck_eccfd552aa652d3c,0.310272901175044
ck_0cff8153881875ba,0.19721172588487487
ck_c1aebbeca6ab5ff9,0.10638527256600858
ck_538fdbbb3c2bcbbb,0.13673923174319016
ck_8c0210322733c718,0.16190232068721613
ck_0b0c93039f987abc,0.2883932145574785
ck_6d07d6d1bd227d37,0.35408241561254206
ck_9b6ee35e8cd0b11c,0.05084214586833649
ck_d838491d3d4f5ecf,0.07840887089857818
ck_0593ae243a9ebee9,0.130754877958165
ck_ef261fc09be8eb0b,0.0173723608229075
ck_d0935b571a4a3868,0.3757040905315519
ck_97d04a67a104af39,0.21938123778078777
ck_e25f70d0b7229420,0.1036330154141173
ck_9b71274ff83de482,0.9745100087620822
ck_6de2aa2bb60978d3,0.192707964902365
ck_eda55c8fb47593d7,0.10594327265696704
ck_924e572517515f19,0.7397391494372896
ck_d6f27eacbad310f4,0.3927931509370381
ck_8550f229b5eb03ab,0.09420672265448297
ck_e3e95546a84d0ed8,0.07480934742107705
ck_3135c019696ee6af,0.9116585573085308
ck_41ba315d8fccb559,0.19482417257830542
ck_72b86e4485da2d0f,0.9734330395220367
ck_daaa995f3c2f0e47,0.13798841214440594
ck_053746067839696b,0.4071595843021199
ck_a15fe7d0f4b65c33,0.7434658928731148
ck_15de11438732bb05,0.13924220104511986
ck_2c4d25acbe3fabd9,0.026440414297670117
ck_7f08078908599bd2,0.8630168319516569
ck_e794741742fb2619,0.1980201506673538
ck_238e53b6dee8c301,0.018393823764866323
ck_53a6a33060d5c8b8,0.1877848124621044
ck_0e0919292ad33472,0.8459794448610937
ck_d86ccf148c06c8c8,0.07611610443163423
ck_c881f26c9bf9ae42,0.8529154661373802
ck_4b0947bf94e9d847,0.20557564032781883
ck_e10ff5c38bd18470,0.26542870323479273
ck_b60de9e97aad9e45,0.9213664785775785
ck_190bc849e5ff5401,0.2421326139727602
ck_e7be077aa0b2632c,0.019371450065762998
ck_a51abde881ebeff3,0.16358469859114647
ck_2208392a9f6bd249,0.29887029269081766
ck_0259da8f109017e9,0.00926545658083802
ck_05e01ab9c95449da,0.22981036151752288
ck_c82897ebffb6ae66,0.22110405406309408
ck_b4a6bb4689cd7cfa,0.3563964352590198
ck_9e21ea33018ce538,0.08253181966046909
ck_caa348f0e65db062,0.9765930870125856
ck_a964e6b5d8415334,0.938699260194754
ck_510bfbbee37ff436,0.06701853356243079
ck_9741a82faf5c7889,0.1336249336790995
ck_e7f61b4a39ba98ac,0.004766261278940274
ck_069d158665a53909,0.019855264242353662
ck_6426427efe3228af,0.2095182562247166
ck_ab4a8d02ec3c0fd7,0.005277256779674525
ck_aefa0d8d933e0eca,0.5241290877854637
ck_232325ef6bce92f1,0.044717920456794326
ck_14e58c3fb26a2b4d,0.22221288274338716
ck_06e73afdec26aecc,0.6288075536359006
ck_3168f4f2778d64e1,0.35312379046022463
ck_ff3998d6858daa21,0.01416381431825974
ck_bccff46fb0868454,0.7693362348593041
ck_c7d444d90fa86d7c,0.8288509498323803
ck_f0bc3bdee6bfbb94,0.17585976402283024
ck_f7112818a6d81422,0.2159425275497628
ck_aca35dbcb835ad02,0.27846018681827556
ck_f637fabf0f60528f,0.09094431128346253
ck_53d17ab97de1ac3e,0.03700628078984675
ck_c8c1bf16d9113493,0.8399659887580471
ck_e842fb0cf055a83b,0.5651288108183414
ck_93c0cb3dac4891fe,0.1268110007358023
ck_0c1f088e17e46daf,0.11973302303431792
ck_8f4b384955bf57c9,0.18098404419194328
ck_09cd5c4df1e81ac2,0.6677695985300791
ck_1e832a5b2342554f,0.4430653081817482
ck_2cb763a881aee27f,0.0408596155487106
ck_5875828b11406398,0.048615963457428996
ck_48e84b0cb0b90fa7,0.1471767964162942
ck_833688de8629c5c0,0.009528532770771593
ck_117d78ccd5820f36,0.17673854471386166
ck_668ec61c4c39cae3,0.07185778940203635
ck_73a7794b659d7a34,0.13970679638391914
ck_10f90d879209734f,0.2096446800717556
ck_d1d079913aa158bf,0.025709129311035476
ck_01c631b38e8a9535,0.05452926950867492
ck_f6923088c17a04e2,0.24384235209598984
ck_b447badc9138987d,0.02429352272613657
ck_8b772caed8f1541c,0.04173231398374245
ck_5403c76fe68a08ba,0.8190569117229489
ck_3e6833574edf1736,0.04218275755040813
ck_e527fbb9450a4581,0.9817963169567462
ck_cc90e219f1ebf390,0.034013475445079315
